2025-08-10T00:37:53.399Z 	 info: Azurite Blob service is starting on 127.0.0.1:10000
2025-08-10T00:37:53.400Z 	 info: AccountDataStore:init() Refresh accounts from environment variable AZURITE_ACCOUNTS with value undefined
2025-08-10T00:37:53.400Z 	 info: AccountDataStore:init() Fallback to default emulator account devstoreaccount1.
2025-08-10T00:37:53.408Z 	 info: BlobGCManager:start() Starting BlobGCManager. Set status to Initializing.
2025-08-10T00:37:53.409Z 	 info: BlobGCManager:start() Trigger mark and sweep loop. Set status to Running.
2025-08-10T00:37:53.409Z 	 info: BlobGCManager:markSweepLoop() Start next mark and sweep.
2025-08-10T00:37:53.409Z 	 info: BlobGCManager:markSweep() Get all extents.
2025-08-10T00:37:53.409Z 	 info: BlobGCManager:start() BlobGCManager successfully started.
2025-08-10T00:37:53.410Z 	 info: BlobGCManager:markSweep() Got 0 extents.
2025-08-10T00:37:53.410Z 	 info: BlobGCManager:markSweep() Get referred extents.
2025-08-10T00:37:53.411Z 	 info: BlobGCManager:markSweep() Got referred extents, unreferenced extents count is 0.
2025-08-10T00:37:53.411Z 	 info: BlobGCManager:markSweepLoop() Mark and sweep finished, taken 2ms.
2025-08-10T00:37:53.411Z 	 info: BlobGCManager:markSweepLoop() Sleep for 600000ms.
2025-08-10T00:37:53.414Z 	 info: Azurite Blob service successfully listens on http://127.0.0.1:10000
2025-08-10T00:37:53.414Z 	 info: Azurite Queue service is starting on 127.0.0.1:10001
2025-08-10T00:37:53.414Z 	 info: AccountDataStore:init() Refresh accounts from environment variable AZURITE_ACCOUNTS with value undefined
2025-08-10T00:37:53.414Z 	 info: AccountDataStore:init() Fallback to default emulator account devstoreaccount1.
2025-08-10T00:37:53.418Z 	 info: QueueGCManager:start() Starting QueueGCManager, set status to Initializing
2025-08-10T00:37:53.418Z 	 info: QueueGCManager:start() Trigger mark and sweep loop, set status to Running.
2025-08-10T00:37:53.418Z 	 info: QueueGCManager:markSweepLoop() Start new mark and sweep.
2025-08-10T00:37:53.418Z 	 info: QueueGCManger:markSweep() Get all extents.
2025-08-10T00:37:53.418Z 	 info: QueueGCManager:start() QueueGCManager successfully started.
2025-08-10T00:37:53.419Z 	 info: QueueGCManager:marksweep() Get 0 extents.
2025-08-10T00:37:53.419Z 	 info: QueueGCManager:markSweep() Get referred extents, then remove from allExtents.
2025-08-10T00:37:53.419Z 	 info: QueueGCManager:markSweep() Got referred extents, unreferenced extents count is 0.
2025-08-10T00:37:53.419Z 	 info: QueueGCManager:markSweepLoop() Mark and sweep finished, take 1ms.
2025-08-10T00:37:53.419Z 	 info: QueueGCManager:markSweepLoop() Sleep for 60000
2025-08-10T00:37:53.419Z 	 info: Azurite Queue service successfully listens on http://127.0.0.1:10001
2025-08-10T00:37:53.420Z 	 info: Azurite Table service is starting on 127.0.0.1:10002
2025-08-10T00:37:53.420Z 	 info: AccountDataStore:init() Refresh accounts from environment variable AZURITE_ACCOUNTS with value undefined
2025-08-10T00:37:53.420Z 	 info: AccountDataStore:init() Fallback to default emulator account devstoreaccount1.
2025-08-10T00:37:53.422Z 	 info: Azurite Table service successfully listens on http://127.0.0.1:10002
2025-08-10T00:37:53.422Z 	 info: InstaceID 72465af3-1bde-40af-b4c7-da713087e067, SessionID 862429a8-af81-4a85-a4a5-06410581c66f.
2025-08-10T00:37:53.435Z 	 info: Telemetry initialize successfully.
2025-08-10T00:37:53.437Z 	 verbose: Send start telemetry
2025-08-10T00:37:53.749Z 04f0d3f5-10f3-4001-93a2-1944f995f320 info: BlobStorageContextMiddleware: RequestMethod=HEAD RequestURL=http://127.0.0.1/devstoreaccount1/azure-webjobs-hosts/locks/cursor-285539928/host RequestHeaders:{"host":"127.0.0.1:10000","x-ms-version":"2024-08-04","accept":"application/xml","x-ms-client-request-id":"c8767e70-6fc9-4805-91e2-8ebec89dfc99","x-ms-return-client-request-id":"true","user-agent":"azsdk-net-Storage.Blobs/12.21.2 (.NET 8.0.18; Ubuntu 25.04)","x-ms-date":"Sun, 10 Aug 2025 00:37:53 GMT","authorization":"SharedKey devstoreaccount1:frVIhVuGbNN2lYknezZScon7Qf8kK0zqNcNYFKn402M="} ClientIP=127.0.0.1 Protocol=http HTTPVersion=1.1
2025-08-10T00:37:53.749Z 04f0d3f5-10f3-4001-93a2-1944f995f320 info: BlobStorageContextMiddleware: Account=devstoreaccount1 Container=azure-webjobs-hosts Blob=locks/cursor-285539928/host
2025-08-10T00:37:53.749Z 04f0d3f5-10f3-4001-93a2-1944f995f320 verbose: DispatchMiddleware: Dispatching request...
2025-08-10T00:37:53.750Z 04f0d3f5-10f3-4001-93a2-1944f995f320 info: DispatchMiddleware: Operation=Blob_GetProperties
2025-08-10T00:37:53.751Z 04f0d3f5-10f3-4001-93a2-1944f995f320 verbose: AuthenticationMiddlewareFactory:createAuthenticationMiddleware() Validating authentications.
2025-08-10T00:37:53.751Z 04f0d3f5-10f3-4001-93a2-1944f995f320 info: PublicAccessAuthenticator:validate() Start validation against public access.
2025-08-10T00:37:53.751Z 04f0d3f5-10f3-4001-93a2-1944f995f320 debug: PublicAccessAuthenticator:validate() Getting account properties...
2025-08-10T00:37:53.751Z 04f0d3f5-10f3-4001-93a2-1944f995f320 debug: PublicAccessAuthenticator:validate() Retrieved account name from context: devstoreaccount1, container: azure-webjobs-hosts, blob: locks/cursor-285539928/host
2025-08-10T00:37:53.753Z 04f0d3f5-10f3-4001-93a2-1944f995f320 debug: PublicAccessAuthenticator:validate() Skip public access authentication. Cannot get public access type for container azure-webjobs-hosts
2025-08-10T00:37:53.753Z 04f0d3f5-10f3-4001-93a2-1944f995f320 info: BlobSharedKeyAuthenticator:validate() Start validation against account shared key authentication.
2025-08-10T00:37:53.759Z 04f0d3f5-10f3-4001-93a2-1944f995f320 info: BlobSharedKeyAuthenticator:validate() [STRING TO SIGN]:"HEAD\n\n\n\n\n\n\n\n\n\n\n\nx-ms-client-request-id:c8767e70-6fc9-4805-91e2-8ebec89dfc99\nx-ms-date:Sun, 10 Aug 2025 00:37:53 GMT\nx-ms-return-client-request-id:true\nx-ms-version:2024-08-04\n/devstoreaccount1/devstoreaccount1/azure-webjobs-hosts/locks/cursor-285539928/host"
2025-08-10T00:37:53.759Z 04f0d3f5-10f3-4001-93a2-1944f995f320 info: BlobSharedKeyAuthenticator:validate() Calculated authentication header based on key1: SharedKey devstoreaccount1:frVIhVuGbNN2lYknezZScon7Qf8kK0zqNcNYFKn402M=
2025-08-10T00:37:53.759Z 04f0d3f5-10f3-4001-93a2-1944f995f320 info: BlobSharedKeyAuthenticator:validate() Signature 1 matched.
2025-08-10T00:37:53.760Z 04f0d3f5-10f3-4001-93a2-1944f995f320 verbose: DeserializerMiddleware: Start deserializing...
2025-08-10T00:37:53.760Z 04f0d3f5-10f3-4001-93a2-1944f995f320 info: HandlerMiddleware: DeserializedParameters={"options":{"requestId":"c8767e70-6fc9-4805-91e2-8ebec89dfc99","leaseAccessConditions":{},"cpkInfo":{},"modifiedAccessConditions":{}},"version":"2024-08-04"}
2025-08-10T00:37:53.761Z 04f0d3f5-10f3-4001-93a2-1944f995f320 error: ErrorMiddleware: Received a MiddlewareError, fill error information to HTTP response
2025-08-10T00:37:53.761Z 04f0d3f5-10f3-4001-93a2-1944f995f320 error: ErrorMiddleware: ErrorName=StorageError ErrorMessage=The specified container does not exist.  ErrorHTTPStatusCode=404 ErrorHTTPStatusMessage=The specified container does not exist. ErrorHTTPHeaders={"x-ms-error-code":"ContainerNotFound","x-ms-request-id":"04f0d3f5-10f3-4001-93a2-1944f995f320"} ErrorHTTPBody="<?xml version=\"1.0\" encoding=\"UTF-8\" standalone=\"yes\"?>\n<Error>\n  <Code>ContainerNotFound</Code>\n  <Message>The specified container does not exist.\nRequestId:04f0d3f5-10f3-4001-93a2-1944f995f320\nTime:2025-08-10T00:37:53.761Z</Message>\n</Error>" ErrorStack="StorageError: The specified container does not exist.\n    at StorageErrorFactory.getContainerNotFound (/home/ubuntu/.nvm/versions/node/v22.16.0/lib/node_modules/azurite/dist/src/blob/errors/StorageErrorFactory.js:14:16)\n    at LokiBlobMetadataStore.checkContainerExist (/home/ubuntu/.nvm/versions/node/v22.16.0/lib/node_modules/azurite/dist/src/blob/persistence/LokiBlobMetadataStore.js:566:49)\n    at LokiBlobMetadataStore.getBlobWithLeaseUpdated (/home/ubuntu/.nvm/versions/node/v22.16.0/lib/node_modules/azurite/dist/src/blob/persistence/LokiBlobMetadataStore.js:2104:20)\n    at LokiBlobMetadataStore.getBlobProperties (/home/ubuntu/.nvm/versions/node/v22.16.0/lib/node_modules/azurite/dist/src/blob/persistence/LokiBlobMetadataStore.js:866:32)\n    at BlobHandler.getProperties (/home/ubuntu/.nvm/versions/node/v22.16.0/lib/node_modules/azurite/dist/src/blob/handlers/BlobHandler.js:73:46)\n    at /home/ubuntu/.nvm/versions/node/v22.16.0/lib/node_modules/azurite/dist/src/blob/generated/middleware/HandlerMiddlewareFactory.js:58:18\n    at /home/ubuntu/.nvm/versions/node/v22.16.0/lib/node_modules/azurite/dist/src/blob/generated/ExpressMiddlewareFactory.js:78:63\n    at Layer.handle [as handle_request] (/home/ubuntu/.nvm/versions/node/v22.16.0/lib/node_modules/azurite/node_modules/express/lib/router/layer.js:95:5)\n    at trim_prefix (/home/ubuntu/.nvm/versions/node/v22.16.0/lib/node_modules/azurite/node_modules/express/lib/router/index.js:328:13)\n    at /home/ubuntu/.nvm/versions/node/v22.16.0/lib/node_modules/azurite/node_modules/express/lib/router/index.js:286:9"
2025-08-10T00:37:53.762Z 04f0d3f5-10f3-4001-93a2-1944f995f320 error: ErrorMiddleware: Set HTTP code: 404
2025-08-10T00:37:53.762Z 04f0d3f5-10f3-4001-93a2-1944f995f320 error: ErrorMiddleware: Set HTTP status message: The specified container does not exist.
2025-08-10T00:37:53.762Z 04f0d3f5-10f3-4001-93a2-1944f995f320 error: ErrorMiddleware: Set HTTP Header: x-ms-error-code=ContainerNotFound
2025-08-10T00:37:53.762Z 04f0d3f5-10f3-4001-93a2-1944f995f320 error: ErrorMiddleware: Set HTTP Header: x-ms-request-id=04f0d3f5-10f3-4001-93a2-1944f995f320
2025-08-10T00:37:53.762Z 04f0d3f5-10f3-4001-93a2-1944f995f320 error: ErrorMiddleware: Set HTTP body: "<?xml version=\"1.0\" encoding=\"UTF-8\" standalone=\"yes\"?>\n<Error>\n  <Code>ContainerNotFound</Code>\n  <Message>The specified container does not exist.\nRequestId:04f0d3f5-10f3-4001-93a2-1944f995f320\nTime:2025-08-10T00:37:53.761Z</Message>\n</Error>"
2025-08-10T00:37:53.762Z 04f0d3f5-10f3-4001-93a2-1944f995f320 verbose: Send Blob telemetry: B_Blob_GetProperties
2025-08-10T00:37:53.762Z 04f0d3f5-10f3-4001-93a2-1944f995f320 info: EndMiddleware: End response. TotalTimeInMS=13 StatusCode=404 StatusMessage=The specified container does not exist. Headers={"server":"Azurite-Blob/3.35.0","x-ms-error-code":"ContainerNotFound","x-ms-request-id":"04f0d3f5-10f3-4001-93a2-1944f995f320"}
2025-08-10T00:37:53.775Z 7c60aa08-1487-4b9c-8ce2-54221e7bb110 info: BlobStorageContextMiddleware: RequestMethod=PUT RequestURL=http://127.0.0.1/devstoreaccount1/azure-webjobs-hosts/locks/cursor-285539928/host?comp=lease RequestHeaders:{"host":"127.0.0.1:10000","x-ms-lease-action":"acquire","x-ms-version":"2024-08-04","accept":"application/xml","x-ms-lease-duration":"15","x-ms-proposed-lease-id":"0000000000000000000000007045662D","x-ms-client-request-id":"fa6f080d-276a-4514-8e8d-c60a2742be8f","x-ms-return-client-request-id":"true","user-agent":"azsdk-net-Storage.Blobs/12.21.2 (.NET 8.0.18; Ubuntu 25.04)","x-ms-date":"Sun, 10 Aug 2025 00:37:53 GMT","authorization":"SharedKey devstoreaccount1:uc9bCKFDBB7aTRRh7/NEQmNjffuHCXjoSi7yiVWlBQQ=","content-length":"0"} ClientIP=127.0.0.1 Protocol=http HTTPVersion=1.1
2025-08-10T00:37:53.775Z 7c60aa08-1487-4b9c-8ce2-54221e7bb110 info: BlobStorageContextMiddleware: Account=devstoreaccount1 Container=azure-webjobs-hosts Blob=locks/cursor-285539928/host
2025-08-10T00:37:53.775Z 7c60aa08-1487-4b9c-8ce2-54221e7bb110 verbose: DispatchMiddleware: Dispatching request...
2025-08-10T00:37:53.775Z 7c60aa08-1487-4b9c-8ce2-54221e7bb110 info: DispatchMiddleware: Operation=Blob_AcquireLease
2025-08-10T00:37:53.775Z 7c60aa08-1487-4b9c-8ce2-54221e7bb110 verbose: AuthenticationMiddlewareFactory:createAuthenticationMiddleware() Validating authentications.
2025-08-10T00:37:53.775Z 7c60aa08-1487-4b9c-8ce2-54221e7bb110 info: PublicAccessAuthenticator:validate() Start validation against public access.
2025-08-10T00:37:53.775Z 7c60aa08-1487-4b9c-8ce2-54221e7bb110 debug: PublicAccessAuthenticator:validate() Getting account properties...
2025-08-10T00:37:53.775Z 7c60aa08-1487-4b9c-8ce2-54221e7bb110 debug: PublicAccessAuthenticator:validate() Retrieved account name from context: devstoreaccount1, container: azure-webjobs-hosts, blob: locks/cursor-285539928/host
2025-08-10T00:37:53.776Z 7c60aa08-1487-4b9c-8ce2-54221e7bb110 debug: PublicAccessAuthenticator:validate() Skip public access authentication. Cannot get public access type for container azure-webjobs-hosts
2025-08-10T00:37:53.776Z 7c60aa08-1487-4b9c-8ce2-54221e7bb110 info: BlobSharedKeyAuthenticator:validate() Start validation against account shared key authentication.
2025-08-10T00:37:53.776Z 7c60aa08-1487-4b9c-8ce2-54221e7bb110 info: BlobSharedKeyAuthenticator:validate() [STRING TO SIGN]:"PUT\n\n\n\n\n\n\n\n\n\n\n\nx-ms-client-request-id:fa6f080d-276a-4514-8e8d-c60a2742be8f\nx-ms-date:Sun, 10 Aug 2025 00:37:53 GMT\nx-ms-lease-action:acquire\nx-ms-lease-duration:15\nx-ms-proposed-lease-id:0000000000000000000000007045662D\nx-ms-return-client-request-id:true\nx-ms-version:2024-08-04\n/devstoreaccount1/devstoreaccount1/azure-webjobs-hosts/locks/cursor-285539928/host\ncomp:lease"
2025-08-10T00:37:53.776Z 7c60aa08-1487-4b9c-8ce2-54221e7bb110 info: BlobSharedKeyAuthenticator:validate() Calculated authentication header based on key1: SharedKey devstoreaccount1:uc9bCKFDBB7aTRRh7/NEQmNjffuHCXjoSi7yiVWlBQQ=
2025-08-10T00:37:53.776Z 7c60aa08-1487-4b9c-8ce2-54221e7bb110 info: BlobSharedKeyAuthenticator:validate() Signature 1 matched.
2025-08-10T00:37:53.776Z 7c60aa08-1487-4b9c-8ce2-54221e7bb110 verbose: DeserializerMiddleware: Start deserializing...
2025-08-10T00:37:53.776Z 7c60aa08-1487-4b9c-8ce2-54221e7bb110 info: HandlerMiddleware: DeserializedParameters={"options":{"duration":15,"proposedLeaseId":"0000000000000000000000007045662D","requestId":"fa6f080d-276a-4514-8e8d-c60a2742be8f","modifiedAccessConditions":{}},"comp":"lease","version":"2024-08-04","action":"acquire"}
2025-08-10T00:37:53.777Z 7c60aa08-1487-4b9c-8ce2-54221e7bb110 error: ErrorMiddleware: Received a MiddlewareError, fill error information to HTTP response
2025-08-10T00:37:53.777Z 7c60aa08-1487-4b9c-8ce2-54221e7bb110 error: ErrorMiddleware: ErrorName=StorageError ErrorMessage=The specified container does not exist.  ErrorHTTPStatusCode=404 ErrorHTTPStatusMessage=The specified container does not exist. ErrorHTTPHeaders={"x-ms-error-code":"ContainerNotFound","x-ms-request-id":"7c60aa08-1487-4b9c-8ce2-54221e7bb110"} ErrorHTTPBody="<?xml version=\"1.0\" encoding=\"UTF-8\" standalone=\"yes\"?>\n<Error>\n  <Code>ContainerNotFound</Code>\n  <Message>The specified container does not exist.\nRequestId:7c60aa08-1487-4b9c-8ce2-54221e7bb110\nTime:2025-08-10T00:37:53.776Z</Message>\n</Error>" ErrorStack="StorageError: The specified container does not exist.\n    at StorageErrorFactory.getContainerNotFound (/home/ubuntu/.nvm/versions/node/v22.16.0/lib/node_modules/azurite/dist/src/blob/errors/StorageErrorFactory.js:14:16)\n    at LokiBlobMetadataStore.checkContainerExist (/home/ubuntu/.nvm/versions/node/v22.16.0/lib/node_modules/azurite/dist/src/blob/persistence/LokiBlobMetadataStore.js:566:49)\n    at LokiBlobMetadataStore.getBlobWithLeaseUpdated (/home/ubuntu/.nvm/versions/node/v22.16.0/lib/node_modules/azurite/dist/src/blob/persistence/LokiBlobMetadataStore.js:2104:20)\n    at LokiBlobMetadataStore.acquireBlobLease (/home/ubuntu/.nvm/versions/node/v22.16.0/lib/node_modules/azurite/dist/src/blob/persistence/LokiBlobMetadataStore.js:1044:32)\n    at BlobHandler.acquireLease (/home/ubuntu/.nvm/versions/node/v22.16.0/lib/node_modules/azurite/dist/src/blob/handlers/BlobHandler.js:242:46)\n    at /home/ubuntu/.nvm/versions/node/v22.16.0/lib/node_modules/azurite/dist/src/blob/generated/middleware/HandlerMiddlewareFactory.js:58:18\n    at /home/ubuntu/.nvm/versions/node/v22.16.0/lib/node_modules/azurite/dist/src/blob/generated/ExpressMiddlewareFactory.js:78:63\n    at Layer.handle [as handle_request] (/home/ubuntu/.nvm/versions/node/v22.16.0/lib/node_modules/azurite/node_modules/express/lib/router/layer.js:95:5)\n    at trim_prefix (/home/ubuntu/.nvm/versions/node/v22.16.0/lib/node_modules/azurite/node_modules/express/lib/router/index.js:328:13)\n    at /home/ubuntu/.nvm/versions/node/v22.16.0/lib/node_modules/azurite/node_modules/express/lib/router/index.js:286:9"
2025-08-10T00:37:53.777Z 7c60aa08-1487-4b9c-8ce2-54221e7bb110 error: ErrorMiddleware: Set HTTP code: 404
2025-08-10T00:37:53.777Z 7c60aa08-1487-4b9c-8ce2-54221e7bb110 error: ErrorMiddleware: Set HTTP status message: The specified container does not exist.
2025-08-10T00:37:53.777Z 7c60aa08-1487-4b9c-8ce2-54221e7bb110 error: ErrorMiddleware: Set HTTP Header: x-ms-error-code=ContainerNotFound
2025-08-10T00:37:53.777Z 7c60aa08-1487-4b9c-8ce2-54221e7bb110 error: ErrorMiddleware: Set HTTP Header: x-ms-request-id=7c60aa08-1487-4b9c-8ce2-54221e7bb110
2025-08-10T00:37:53.777Z 7c60aa08-1487-4b9c-8ce2-54221e7bb110 error: ErrorMiddleware: Set content type: application/xml
2025-08-10T00:37:53.777Z 7c60aa08-1487-4b9c-8ce2-54221e7bb110 error: ErrorMiddleware: Set HTTP body: "<?xml version=\"1.0\" encoding=\"UTF-8\" standalone=\"yes\"?>\n<Error>\n  <Code>ContainerNotFound</Code>\n  <Message>The specified container does not exist.\nRequestId:7c60aa08-1487-4b9c-8ce2-54221e7bb110\nTime:2025-08-10T00:37:53.776Z</Message>\n</Error>"
2025-08-10T00:37:53.777Z 7c60aa08-1487-4b9c-8ce2-54221e7bb110 verbose: Send Blob telemetry: B_Blob_AcquireLease
2025-08-10T00:37:53.777Z 7c60aa08-1487-4b9c-8ce2-54221e7bb110 info: EndMiddleware: End response. TotalTimeInMS=2 StatusCode=404 StatusMessage=The specified container does not exist. Headers={"server":"Azurite-Blob/3.35.0","x-ms-error-code":"ContainerNotFound","x-ms-request-id":"7c60aa08-1487-4b9c-8ce2-54221e7bb110","content-type":"application/xml"}
2025-08-10T00:37:53.792Z 70143e7d-6a67-45f5-acae-b444f22a4f04 info: BlobStorageContextMiddleware: RequestMethod=PUT RequestURL=http://127.0.0.1/devstoreaccount1/azure-webjobs-hosts/locks/cursor-285539928/host RequestHeaders:{"host":"127.0.0.1:10000","x-ms-blob-type":"BlockBlob","if-none-match":"*","x-ms-version":"2024-08-04","accept":"application/xml","x-ms-client-request-id":"844ba388-7376-4ad2-bdd5-39f775c5ece5","x-ms-return-client-request-id":"true","user-agent":"azsdk-net-Storage.Blobs/12.21.2 (.NET 8.0.18; Ubuntu 25.04)","x-ms-date":"Sun, 10 Aug 2025 00:37:53 GMT","authorization":"SharedKey devstoreaccount1:dE52FJydyUhnT/pIhdLEk7NaePsM+oDwLkfkU4ZlnQM=","content-length":"0","content-type":"application/octet-stream"} ClientIP=127.0.0.1 Protocol=http HTTPVersion=1.1
2025-08-10T00:37:53.792Z 70143e7d-6a67-45f5-acae-b444f22a4f04 info: BlobStorageContextMiddleware: Account=devstoreaccount1 Container=azure-webjobs-hosts Blob=locks/cursor-285539928/host
2025-08-10T00:37:53.792Z 70143e7d-6a67-45f5-acae-b444f22a4f04 verbose: DispatchMiddleware: Dispatching request...
2025-08-10T00:37:53.793Z 70143e7d-6a67-45f5-acae-b444f22a4f04 info: DispatchMiddleware: Operation=BlockBlob_Upload
2025-08-10T00:37:53.793Z 70143e7d-6a67-45f5-acae-b444f22a4f04 verbose: AuthenticationMiddlewareFactory:createAuthenticationMiddleware() Validating authentications.
2025-08-10T00:37:53.793Z 70143e7d-6a67-45f5-acae-b444f22a4f04 info: PublicAccessAuthenticator:validate() Start validation against public access.
2025-08-10T00:37:53.793Z 70143e7d-6a67-45f5-acae-b444f22a4f04 debug: PublicAccessAuthenticator:validate() Getting account properties...
2025-08-10T00:37:53.793Z 70143e7d-6a67-45f5-acae-b444f22a4f04 debug: PublicAccessAuthenticator:validate() Retrieved account name from context: devstoreaccount1, container: azure-webjobs-hosts, blob: locks/cursor-285539928/host
2025-08-10T00:37:53.793Z 70143e7d-6a67-45f5-acae-b444f22a4f04 debug: PublicAccessAuthenticator:validate() Skip public access authentication. Cannot get public access type for container azure-webjobs-hosts
2025-08-10T00:37:53.793Z 70143e7d-6a67-45f5-acae-b444f22a4f04 info: BlobSharedKeyAuthenticator:validate() Start validation against account shared key authentication.
2025-08-10T00:37:53.793Z 70143e7d-6a67-45f5-acae-b444f22a4f04 info: BlobSharedKeyAuthenticator:validate() [STRING TO SIGN]:"PUT\n\n\n\n\napplication/octet-stream\n\n\n\n*\n\n\nx-ms-blob-type:BlockBlob\nx-ms-client-request-id:844ba388-7376-4ad2-bdd5-39f775c5ece5\nx-ms-date:Sun, 10 Aug 2025 00:37:53 GMT\nx-ms-return-client-request-id:true\nx-ms-version:2024-08-04\n/devstoreaccount1/devstoreaccount1/azure-webjobs-hosts/locks/cursor-285539928/host"
2025-08-10T00:37:53.793Z 70143e7d-6a67-45f5-acae-b444f22a4f04 info: BlobSharedKeyAuthenticator:validate() Calculated authentication header based on key1: SharedKey devstoreaccount1:dE52FJydyUhnT/pIhdLEk7NaePsM+oDwLkfkU4ZlnQM=
2025-08-10T00:37:53.793Z 70143e7d-6a67-45f5-acae-b444f22a4f04 info: BlobSharedKeyAuthenticator:validate() Signature 1 matched.
2025-08-10T00:37:53.793Z 70143e7d-6a67-45f5-acae-b444f22a4f04 verbose: DeserializerMiddleware: Start deserializing...
2025-08-10T00:37:53.793Z 70143e7d-6a67-45f5-acae-b444f22a4f04 info: HandlerMiddleware: DeserializedParameters={"options":{"metadata":{},"requestId":"844ba388-7376-4ad2-bdd5-39f775c5ece5","blobHTTPHeaders":{},"leaseAccessConditions":{},"cpkInfo":{},"cpkScopeInfo":{},"modifiedAccessConditions":{"ifNoneMatch":"*"}},"contentLength":0,"version":"2024-08-04","blobType":"BlockBlob","body":"ReadableStream"}
2025-08-10T00:37:53.794Z 70143e7d-6a67-45f5-acae-b444f22a4f04 error: ErrorMiddleware: Received a MiddlewareError, fill error information to HTTP response
2025-08-10T00:37:53.794Z 70143e7d-6a67-45f5-acae-b444f22a4f04 error: ErrorMiddleware: ErrorName=StorageError ErrorMessage=The specified container does not exist.  ErrorHTTPStatusCode=404 ErrorHTTPStatusMessage=The specified container does not exist. ErrorHTTPHeaders={"x-ms-error-code":"ContainerNotFound","x-ms-request-id":"70143e7d-6a67-45f5-acae-b444f22a4f04"} ErrorHTTPBody="<?xml version=\"1.0\" encoding=\"UTF-8\" standalone=\"yes\"?>\n<Error>\n  <Code>ContainerNotFound</Code>\n  <Message>The specified container does not exist.\nRequestId:70143e7d-6a67-45f5-acae-b444f22a4f04\nTime:2025-08-10T00:37:53.793Z</Message>\n</Error>" ErrorStack="StorageError: The specified container does not exist.\n    at StorageErrorFactory.getContainerNotFound (/home/ubuntu/.nvm/versions/node/v22.16.0/lib/node_modules/azurite/dist/src/blob/errors/StorageErrorFactory.js:14:16)\n    at LokiBlobMetadataStore.checkContainerExist (/home/ubuntu/.nvm/versions/node/v22.16.0/lib/node_modules/azurite/dist/src/blob/persistence/LokiBlobMetadataStore.js:566:49)\n    at BlockBlobHandler.upload (/home/ubuntu/.nvm/versions/node/v22.16.0/lib/node_modules/azurite/dist/src/blob/handlers/BlockBlobHandler.js:40:34)\n    at /home/ubuntu/.nvm/versions/node/v22.16.0/lib/node_modules/azurite/dist/src/blob/generated/middleware/HandlerMiddlewareFactory.js:58:18\n    at /home/ubuntu/.nvm/versions/node/v22.16.0/lib/node_modules/azurite/dist/src/blob/generated/ExpressMiddlewareFactory.js:78:63\n    at Layer.handle [as handle_request] (/home/ubuntu/.nvm/versions/node/v22.16.0/lib/node_modules/azurite/node_modules/express/lib/router/layer.js:95:5)\n    at trim_prefix (/home/ubuntu/.nvm/versions/node/v22.16.0/lib/node_modules/azurite/node_modules/express/lib/router/index.js:328:13)\n    at /home/ubuntu/.nvm/versions/node/v22.16.0/lib/node_modules/azurite/node_modules/express/lib/router/index.js:286:9\n    at Function.process_params (/home/ubuntu/.nvm/versions/node/v22.16.0/lib/node_modules/azurite/node_modules/express/lib/router/index.js:346:12)\n    at next (/home/ubuntu/.nvm/versions/node/v22.16.0/lib/node_modules/azurite/node_modules/express/lib/router/index.js:280:10)"
2025-08-10T00:37:53.794Z 70143e7d-6a67-45f5-acae-b444f22a4f04 error: ErrorMiddleware: Set HTTP code: 404
2025-08-10T00:37:53.794Z 70143e7d-6a67-45f5-acae-b444f22a4f04 error: ErrorMiddleware: Set HTTP status message: The specified container does not exist.
2025-08-10T00:37:53.794Z 70143e7d-6a67-45f5-acae-b444f22a4f04 error: ErrorMiddleware: Set HTTP Header: x-ms-error-code=ContainerNotFound
2025-08-10T00:37:53.794Z 70143e7d-6a67-45f5-acae-b444f22a4f04 error: ErrorMiddleware: Set HTTP Header: x-ms-request-id=70143e7d-6a67-45f5-acae-b444f22a4f04
2025-08-10T00:37:53.794Z 70143e7d-6a67-45f5-acae-b444f22a4f04 error: ErrorMiddleware: Set content type: application/xml
2025-08-10T00:37:53.794Z 70143e7d-6a67-45f5-acae-b444f22a4f04 error: ErrorMiddleware: Set HTTP body: "<?xml version=\"1.0\" encoding=\"UTF-8\" standalone=\"yes\"?>\n<Error>\n  <Code>ContainerNotFound</Code>\n  <Message>The specified container does not exist.\nRequestId:70143e7d-6a67-45f5-acae-b444f22a4f04\nTime:2025-08-10T00:37:53.793Z</Message>\n</Error>"
2025-08-10T00:37:53.794Z 70143e7d-6a67-45f5-acae-b444f22a4f04 verbose: Send Blob telemetry: B_BlockBlob_Upload
2025-08-10T00:37:53.794Z 70143e7d-6a67-45f5-acae-b444f22a4f04 info: EndMiddleware: End response. TotalTimeInMS=2 StatusCode=404 StatusMessage=The specified container does not exist. Headers={"server":"Azurite-Blob/3.35.0","x-ms-error-code":"ContainerNotFound","x-ms-request-id":"70143e7d-6a67-45f5-acae-b444f22a4f04","content-type":"application/xml"}
2025-08-10T00:37:53.800Z ce70b3c8-360b-4f84-8462-ca967340f7f9 info: BlobStorageContextMiddleware: RequestMethod=PUT RequestURL=http://127.0.0.1/devstoreaccount1/azure-webjobs-hosts?restype=container RequestHeaders:{"host":"127.0.0.1:10000","x-ms-version":"2024-08-04","accept":"application/xml","x-ms-client-request-id":"ec9d680c-ae91-433f-b5cd-ec0c4cec5f87","x-ms-return-client-request-id":"true","user-agent":"azsdk-net-Storage.Blobs/12.21.2 (.NET 8.0.18; Ubuntu 25.04)","x-ms-date":"Sun, 10 Aug 2025 00:37:53 GMT","authorization":"SharedKey devstoreaccount1:c6vV9FBFC9yNXYU+VwSBxv109EN5dhf9jhzIxfKGUJY=","content-length":"0"} ClientIP=127.0.0.1 Protocol=http HTTPVersion=1.1
2025-08-10T00:37:53.800Z ce70b3c8-360b-4f84-8462-ca967340f7f9 info: BlobStorageContextMiddleware: Account=devstoreaccount1 Container=azure-webjobs-hosts Blob=
2025-08-10T00:37:53.800Z ce70b3c8-360b-4f84-8462-ca967340f7f9 verbose: DispatchMiddleware: Dispatching request...
2025-08-10T00:37:53.800Z ce70b3c8-360b-4f84-8462-ca967340f7f9 info: DispatchMiddleware: Operation=Container_Create
2025-08-10T00:37:53.800Z ce70b3c8-360b-4f84-8462-ca967340f7f9 verbose: AuthenticationMiddlewareFactory:createAuthenticationMiddleware() Validating authentications.
2025-08-10T00:37:53.800Z ce70b3c8-360b-4f84-8462-ca967340f7f9 info: PublicAccessAuthenticator:validate() Start validation against public access.
2025-08-10T00:37:53.800Z ce70b3c8-360b-4f84-8462-ca967340f7f9 debug: PublicAccessAuthenticator:validate() Getting account properties...
2025-08-10T00:37:53.800Z ce70b3c8-360b-4f84-8462-ca967340f7f9 debug: PublicAccessAuthenticator:validate() Retrieved account name from context: devstoreaccount1, container: azure-webjobs-hosts, blob: 
2025-08-10T00:37:53.800Z ce70b3c8-360b-4f84-8462-ca967340f7f9 debug: PublicAccessAuthenticator:validate() Skip public access authentication. Cannot get public access type for container azure-webjobs-hosts
2025-08-10T00:37:53.800Z ce70b3c8-360b-4f84-8462-ca967340f7f9 info: BlobSharedKeyAuthenticator:validate() Start validation against account shared key authentication.
2025-08-10T00:37:53.800Z ce70b3c8-360b-4f84-8462-ca967340f7f9 info: BlobSharedKeyAuthenticator:validate() [STRING TO SIGN]:"PUT\n\n\n\n\n\n\n\n\n\n\n\nx-ms-client-request-id:ec9d680c-ae91-433f-b5cd-ec0c4cec5f87\nx-ms-date:Sun, 10 Aug 2025 00:37:53 GMT\nx-ms-return-client-request-id:true\nx-ms-version:2024-08-04\n/devstoreaccount1/devstoreaccount1/azure-webjobs-hosts\nrestype:container"
2025-08-10T00:37:53.800Z ce70b3c8-360b-4f84-8462-ca967340f7f9 info: BlobSharedKeyAuthenticator:validate() Calculated authentication header based on key1: SharedKey devstoreaccount1:c6vV9FBFC9yNXYU+VwSBxv109EN5dhf9jhzIxfKGUJY=
2025-08-10T00:37:53.800Z ce70b3c8-360b-4f84-8462-ca967340f7f9 info: BlobSharedKeyAuthenticator:validate() Signature 1 matched.
2025-08-10T00:37:53.800Z ce70b3c8-360b-4f84-8462-ca967340f7f9 verbose: DeserializerMiddleware: Start deserializing...
2025-08-10T00:37:53.800Z ce70b3c8-360b-4f84-8462-ca967340f7f9 info: HandlerMiddleware: DeserializedParameters={"options":{"metadata":{},"requestId":"ec9d680c-ae91-433f-b5cd-ec0c4cec5f87","containerCpkScopeInfo":{}},"restype":"container","version":"2024-08-04"}
2025-08-10T00:37:53.801Z ce70b3c8-360b-4f84-8462-ca967340f7f9 verbose: SerializerMiddleware: Start serializing...
2025-08-10T00:37:53.802Z ce70b3c8-360b-4f84-8462-ca967340f7f9 verbose: Send Blob telemetry: B_Container_Create
2025-08-10T00:37:53.802Z ce70b3c8-360b-4f84-8462-ca967340f7f9 info: EndMiddleware: End response. TotalTimeInMS=2 StatusCode=201 StatusMessage=undefined Headers={"server":"Azurite-Blob/3.35.0","etag":"\"0x1EFA918CEC0BF20\"","last-modified":"Sun, 10 Aug 2025 00:37:53 GMT","x-ms-client-request-id":"ec9d680c-ae91-433f-b5cd-ec0c4cec5f87","x-ms-request-id":"ce70b3c8-360b-4f84-8462-ca967340f7f9","x-ms-version":"2025-11-05"}
2025-08-10T00:37:53.805Z 7e65392e-d6d4-4313-9411-eee2ceec2a8f info: BlobStorageContextMiddleware: RequestMethod=PUT RequestURL=http://127.0.0.1/devstoreaccount1/azure-webjobs-hosts/locks/cursor-285539928/host RequestHeaders:{"host":"127.0.0.1:10000","x-ms-blob-type":"BlockBlob","if-none-match":"*","x-ms-version":"2024-08-04","accept":"application/xml","x-ms-client-request-id":"5b54c2cc-04e2-4140-9f83-74b10d2bac7e","x-ms-return-client-request-id":"true","user-agent":"azsdk-net-Storage.Blobs/12.21.2 (.NET 8.0.18; Ubuntu 25.04)","x-ms-date":"Sun, 10 Aug 2025 00:37:53 GMT","authorization":"SharedKey devstoreaccount1:eWpot1481qYX6uCQabI37A8uncGTXH+08MZKFwUVXu8=","content-length":"0","content-type":"application/octet-stream"} ClientIP=127.0.0.1 Protocol=http HTTPVersion=1.1
2025-08-10T00:37:53.805Z 7e65392e-d6d4-4313-9411-eee2ceec2a8f info: BlobStorageContextMiddleware: Account=devstoreaccount1 Container=azure-webjobs-hosts Blob=locks/cursor-285539928/host
2025-08-10T00:37:53.805Z 7e65392e-d6d4-4313-9411-eee2ceec2a8f verbose: DispatchMiddleware: Dispatching request...
2025-08-10T00:37:53.805Z 7e65392e-d6d4-4313-9411-eee2ceec2a8f info: DispatchMiddleware: Operation=BlockBlob_Upload
2025-08-10T00:37:53.805Z 7e65392e-d6d4-4313-9411-eee2ceec2a8f verbose: AuthenticationMiddlewareFactory:createAuthenticationMiddleware() Validating authentications.
2025-08-10T00:37:53.805Z 7e65392e-d6d4-4313-9411-eee2ceec2a8f info: PublicAccessAuthenticator:validate() Start validation against public access.
2025-08-10T00:37:53.805Z 7e65392e-d6d4-4313-9411-eee2ceec2a8f debug: PublicAccessAuthenticator:validate() Getting account properties...
2025-08-10T00:37:53.805Z 7e65392e-d6d4-4313-9411-eee2ceec2a8f debug: PublicAccessAuthenticator:validate() Retrieved account name from context: devstoreaccount1, container: azure-webjobs-hosts, blob: locks/cursor-285539928/host
2025-08-10T00:37:53.806Z 7e65392e-d6d4-4313-9411-eee2ceec2a8f debug: PublicAccessAuthenticator:validate() Skip public access authentication. Cannot get public access type for container azure-webjobs-hosts
2025-08-10T00:37:53.806Z 7e65392e-d6d4-4313-9411-eee2ceec2a8f info: BlobSharedKeyAuthenticator:validate() Start validation against account shared key authentication.
2025-08-10T00:37:53.806Z 7e65392e-d6d4-4313-9411-eee2ceec2a8f info: BlobSharedKeyAuthenticator:validate() [STRING TO SIGN]:"PUT\n\n\n\n\napplication/octet-stream\n\n\n\n*\n\n\nx-ms-blob-type:BlockBlob\nx-ms-client-request-id:5b54c2cc-04e2-4140-9f83-74b10d2bac7e\nx-ms-date:Sun, 10 Aug 2025 00:37:53 GMT\nx-ms-return-client-request-id:true\nx-ms-version:2024-08-04\n/devstoreaccount1/devstoreaccount1/azure-webjobs-hosts/locks/cursor-285539928/host"
2025-08-10T00:37:53.806Z 7e65392e-d6d4-4313-9411-eee2ceec2a8f info: BlobSharedKeyAuthenticator:validate() Calculated authentication header based on key1: SharedKey devstoreaccount1:eWpot1481qYX6uCQabI37A8uncGTXH+08MZKFwUVXu8=
2025-08-10T00:37:53.806Z 7e65392e-d6d4-4313-9411-eee2ceec2a8f info: BlobSharedKeyAuthenticator:validate() Signature 1 matched.
2025-08-10T00:37:53.806Z 7e65392e-d6d4-4313-9411-eee2ceec2a8f verbose: DeserializerMiddleware: Start deserializing...
2025-08-10T00:37:53.806Z 7e65392e-d6d4-4313-9411-eee2ceec2a8f info: HandlerMiddleware: DeserializedParameters={"options":{"metadata":{},"requestId":"5b54c2cc-04e2-4140-9f83-74b10d2bac7e","blobHTTPHeaders":{},"leaseAccessConditions":{},"cpkInfo":{},"cpkScopeInfo":{},"modifiedAccessConditions":{"ifNoneMatch":"*"}},"contentLength":0,"version":"2024-08-04","blobType":"BlockBlob","body":"ReadableStream"}
2025-08-10T00:37:53.806Z 7e65392e-d6d4-4313-9411-eee2ceec2a8f debug: OperationQueue.operate() Schedule incoming job d6acf827-d106-415d-8b65-65fbeb14b183
2025-08-10T00:37:53.806Z 7e65392e-d6d4-4313-9411-eee2ceec2a8f debug: OperationQueue:execute() Current runningConcurrency:0 maxConcurrency:50 operations.length:1
2025-08-10T00:37:53.806Z 7e65392e-d6d4-4313-9411-eee2ceec2a8f info: FSExtentStore:appendExtent() Select extent from idle location for extent append operation. LocationId:1 extentId:95e0cb74-8987-4cc4-840d-4feb0cf8e788 offset:0 MAX_EXTENT_SIZE:67108864 
2025-08-10T00:37:53.806Z 7e65392e-d6d4-4313-9411-eee2ceec2a8f debug: FSExtentStore:appendExtent() Get fd:undefined for extent:95e0cb74-8987-4cc4-840d-4feb0cf8e788 from cache.
2025-08-10T00:37:53.807Z 7e65392e-d6d4-4313-9411-eee2ceec2a8f debug: FSExtentStore:appendExtent() Open file:/workspace/.azurite/__blobstorage__/95e0cb74-8987-4cc4-840d-4feb0cf8e788 for extent:95e0cb74-8987-4cc4-840d-4feb0cf8e788, get new fd:30
2025-08-10T00:37:53.807Z 7e65392e-d6d4-4313-9411-eee2ceec2a8f debug: FSExtentStore:appendExtent() Created write stream for fd:30
2025-08-10T00:37:53.807Z 7e65392e-d6d4-4313-9411-eee2ceec2a8f debug: FSExtentStore:appendExtent() Start writing to extent 95e0cb74-8987-4cc4-840d-4feb0cf8e788
2025-08-10T00:37:53.807Z 7e65392e-d6d4-4313-9411-eee2ceec2a8f debug: FSExtentStore:streamPipe() Start piping data to write stream
2025-08-10T00:37:53.807Z 7e65392e-d6d4-4313-9411-eee2ceec2a8f debug: FSExtentStore:streamPipe() Readable stream triggers close event, 0 bytes piped
2025-08-10T00:37:53.807Z 7e65392e-d6d4-4313-9411-eee2ceec2a8f debug: FSExtentStore:streamPipe() Invoke write stream end()
2025-08-10T00:37:53.807Z 7e65392e-d6d4-4313-9411-eee2ceec2a8f debug: FSExtentStore:streamPipe() Writable stream triggers finish event, after 0 bytes piped. Flush data to fd:30.
2025-08-10T00:37:53.807Z 7e65392e-d6d4-4313-9411-eee2ceec2a8f debug: FSExtentStore:streamPipe() Readable stream triggers close event, 0 bytes piped
2025-08-10T00:37:53.830Z 7e65392e-d6d4-4313-9411-eee2ceec2a8f debug: FSExtentStore:streamPipe() Flush data to fd:30 successfully. Resolve streamPipe().
2025-08-10T00:37:53.830Z 7e65392e-d6d4-4313-9411-eee2ceec2a8f debug: FSExtentStore:appendExtent() Write finish, start updating extent metadata. extent:{"id":"95e0cb74-8987-4cc4-840d-4feb0cf8e788","locationId":"Default","path":"95e0cb74-8987-4cc4-840d-4feb0cf8e788","size":0,"lastModifiedInMS":1754786273830}
2025-08-10T00:37:53.830Z 7e65392e-d6d4-4313-9411-eee2ceec2a8f debug: FSExtentStore:appendExtent() Update extent metadata done. Resolve()
2025-08-10T00:37:53.830Z 7e65392e-d6d4-4313-9411-eee2ceec2a8f debug: OperationQueue.operate() Job d6acf827-d106-415d-8b65-65fbeb14b183 completes callback, resolve.
2025-08-10T00:37:53.830Z 7e65392e-d6d4-4313-9411-eee2ceec2a8f debug: OperationQueue:execute() Current runningConcurrency:0 maxConcurrency:50 operations.length:0
2025-08-10T00:37:53.830Z 7e65392e-d6d4-4313-9411-eee2ceec2a8f debug: OperationQueue:execute() return. Operation.length === 0
2025-08-10T00:37:53.831Z 7e65392e-d6d4-4313-9411-eee2ceec2a8f verbose: SerializerMiddleware: Start serializing...
2025-08-10T00:37:53.831Z 7e65392e-d6d4-4313-9411-eee2ceec2a8f verbose: Send Blob telemetry: B_BlockBlob_Upload
2025-08-10T00:37:53.831Z 7e65392e-d6d4-4313-9411-eee2ceec2a8f info: EndMiddleware: End response. TotalTimeInMS=27 StatusCode=201 StatusMessage=undefined Headers={"server":"Azurite-Blob/3.35.0","etag":"\"0x227C66988C06640\"","last-modified":"Sun, 10 Aug 2025 00:37:53 GMT","content-md5":"1B2M2Y8AsgTpgAmY7PhCfg==","x-ms-client-request-id":"5b54c2cc-04e2-4140-9f83-74b10d2bac7e","x-ms-request-id":"7e65392e-d6d4-4313-9411-eee2ceec2a8f","x-ms-version":"2025-11-05","date":"Sun, 10 Aug 2025 00:37:53 GMT","x-ms-request-server-encrypted":"true"}
2025-08-10T00:37:53.833Z 10e914b4-99cf-40b5-9615-104e640151b4 info: BlobStorageContextMiddleware: RequestMethod=PUT RequestURL=http://127.0.0.1/devstoreaccount1/azure-webjobs-hosts/locks/cursor-285539928/host?comp=lease RequestHeaders:{"host":"127.0.0.1:10000","x-ms-lease-action":"acquire","x-ms-version":"2024-08-04","accept":"application/xml","x-ms-lease-duration":"15","x-ms-proposed-lease-id":"0000000000000000000000007045662D","x-ms-client-request-id":"c9db04a8-4ef6-4960-9796-12860760b360","x-ms-return-client-request-id":"true","user-agent":"azsdk-net-Storage.Blobs/12.21.2 (.NET 8.0.18; Ubuntu 25.04)","x-ms-date":"Sun, 10 Aug 2025 00:37:53 GMT","authorization":"SharedKey devstoreaccount1:xsw07bnAMBsr2QlAHZbRXy3LOIU/3kxN4+JcloXvZlc=","content-length":"0"} ClientIP=127.0.0.1 Protocol=http HTTPVersion=1.1
2025-08-10T00:37:53.833Z 10e914b4-99cf-40b5-9615-104e640151b4 info: BlobStorageContextMiddleware: Account=devstoreaccount1 Container=azure-webjobs-hosts Blob=locks/cursor-285539928/host
2025-08-10T00:37:53.833Z 10e914b4-99cf-40b5-9615-104e640151b4 verbose: DispatchMiddleware: Dispatching request...
2025-08-10T00:37:53.834Z 10e914b4-99cf-40b5-9615-104e640151b4 info: DispatchMiddleware: Operation=Blob_AcquireLease
2025-08-10T00:37:53.834Z 10e914b4-99cf-40b5-9615-104e640151b4 verbose: AuthenticationMiddlewareFactory:createAuthenticationMiddleware() Validating authentications.
2025-08-10T00:37:53.834Z 10e914b4-99cf-40b5-9615-104e640151b4 info: PublicAccessAuthenticator:validate() Start validation against public access.
2025-08-10T00:37:53.834Z 10e914b4-99cf-40b5-9615-104e640151b4 debug: PublicAccessAuthenticator:validate() Getting account properties...
2025-08-10T00:37:53.834Z 10e914b4-99cf-40b5-9615-104e640151b4 debug: PublicAccessAuthenticator:validate() Retrieved account name from context: devstoreaccount1, container: azure-webjobs-hosts, blob: locks/cursor-285539928/host
2025-08-10T00:37:53.834Z 10e914b4-99cf-40b5-9615-104e640151b4 debug: PublicAccessAuthenticator:validate() Skip public access authentication. Cannot get public access type for container azure-webjobs-hosts
2025-08-10T00:37:53.834Z 10e914b4-99cf-40b5-9615-104e640151b4 info: BlobSharedKeyAuthenticator:validate() Start validation against account shared key authentication.
2025-08-10T00:37:53.834Z 10e914b4-99cf-40b5-9615-104e640151b4 info: BlobSharedKeyAuthenticator:validate() [STRING TO SIGN]:"PUT\n\n\n\n\n\n\n\n\n\n\n\nx-ms-client-request-id:c9db04a8-4ef6-4960-9796-12860760b360\nx-ms-date:Sun, 10 Aug 2025 00:37:53 GMT\nx-ms-lease-action:acquire\nx-ms-lease-duration:15\nx-ms-proposed-lease-id:0000000000000000000000007045662D\nx-ms-return-client-request-id:true\nx-ms-version:2024-08-04\n/devstoreaccount1/devstoreaccount1/azure-webjobs-hosts/locks/cursor-285539928/host\ncomp:lease"
2025-08-10T00:37:53.834Z 10e914b4-99cf-40b5-9615-104e640151b4 info: BlobSharedKeyAuthenticator:validate() Calculated authentication header based on key1: SharedKey devstoreaccount1:xsw07bnAMBsr2QlAHZbRXy3LOIU/3kxN4+JcloXvZlc=
2025-08-10T00:37:53.834Z 10e914b4-99cf-40b5-9615-104e640151b4 info: BlobSharedKeyAuthenticator:validate() Signature 1 matched.
2025-08-10T00:37:53.834Z 10e914b4-99cf-40b5-9615-104e640151b4 verbose: DeserializerMiddleware: Start deserializing...
2025-08-10T00:37:53.834Z 10e914b4-99cf-40b5-9615-104e640151b4 info: HandlerMiddleware: DeserializedParameters={"options":{"duration":15,"proposedLeaseId":"0000000000000000000000007045662D","requestId":"c9db04a8-4ef6-4960-9796-12860760b360","modifiedAccessConditions":{}},"comp":"lease","version":"2024-08-04","action":"acquire"}
2025-08-10T00:37:53.835Z 10e914b4-99cf-40b5-9615-104e640151b4 verbose: SerializerMiddleware: Start serializing...
2025-08-10T00:37:53.835Z 10e914b4-99cf-40b5-9615-104e640151b4 verbose: Send Blob telemetry: B_Blob_AcquireLease
2025-08-10T00:37:53.835Z 10e914b4-99cf-40b5-9615-104e640151b4 info: EndMiddleware: End response. TotalTimeInMS=2 StatusCode=201 StatusMessage=undefined Headers={"server":"Azurite-Blob/3.35.0","etag":"\"0x227C66988C06640\"","last-modified":"Sun, 10 Aug 2025 00:37:53 GMT","x-ms-lease-id":"0000000000000000000000007045662D","x-ms-client-request-id":"c9db04a8-4ef6-4960-9796-12860760b360","x-ms-request-id":"10e914b4-99cf-40b5-9615-104e640151b4","x-ms-version":"2025-11-05","date":"Sun, 10 Aug 2025 00:37:53 GMT"}
2025-08-10T00:37:53.837Z f98f5ba8-401c-4085-b494-f785ed4a0aff info: BlobStorageContextMiddleware: RequestMethod=HEAD RequestURL=http://127.0.0.1/devstoreaccount1/azure-webjobs-hosts/locks/cursor-285539928/host RequestHeaders:{"host":"127.0.0.1:10000","x-ms-version":"2024-08-04","accept":"application/xml","x-ms-client-request-id":"ba7c5b2b-d7f8-41a7-a3e9-5ac78955ea41","x-ms-return-client-request-id":"true","user-agent":"azsdk-net-Storage.Blobs/12.21.2 (.NET 8.0.18; Ubuntu 25.04)","x-ms-date":"Sun, 10 Aug 2025 00:37:53 GMT","authorization":"SharedKey devstoreaccount1:2/9TBzprv/1l2sBgIWCq0jg9tAbVnRPUPrxTKIeNZQo="} ClientIP=127.0.0.1 Protocol=http HTTPVersion=1.1
2025-08-10T00:37:53.837Z f98f5ba8-401c-4085-b494-f785ed4a0aff info: BlobStorageContextMiddleware: Account=devstoreaccount1 Container=azure-webjobs-hosts Blob=locks/cursor-285539928/host
2025-08-10T00:37:53.837Z f98f5ba8-401c-4085-b494-f785ed4a0aff verbose: DispatchMiddleware: Dispatching request...
2025-08-10T00:37:53.837Z f98f5ba8-401c-4085-b494-f785ed4a0aff info: DispatchMiddleware: Operation=Blob_GetProperties
2025-08-10T00:37:53.837Z f98f5ba8-401c-4085-b494-f785ed4a0aff verbose: AuthenticationMiddlewareFactory:createAuthenticationMiddleware() Validating authentications.
2025-08-10T00:37:53.837Z f98f5ba8-401c-4085-b494-f785ed4a0aff info: PublicAccessAuthenticator:validate() Start validation against public access.
2025-08-10T00:37:53.837Z f98f5ba8-401c-4085-b494-f785ed4a0aff debug: PublicAccessAuthenticator:validate() Getting account properties...
2025-08-10T00:37:53.837Z f98f5ba8-401c-4085-b494-f785ed4a0aff debug: PublicAccessAuthenticator:validate() Retrieved account name from context: devstoreaccount1, container: azure-webjobs-hosts, blob: locks/cursor-285539928/host
2025-08-10T00:37:53.837Z f98f5ba8-401c-4085-b494-f785ed4a0aff debug: PublicAccessAuthenticator:validate() Skip public access authentication. Cannot get public access type for container azure-webjobs-hosts
2025-08-10T00:37:53.837Z f98f5ba8-401c-4085-b494-f785ed4a0aff info: BlobSharedKeyAuthenticator:validate() Start validation against account shared key authentication.
2025-08-10T00:37:53.837Z f98f5ba8-401c-4085-b494-f785ed4a0aff info: BlobSharedKeyAuthenticator:validate() [STRING TO SIGN]:"HEAD\n\n\n\n\n\n\n\n\n\n\n\nx-ms-client-request-id:ba7c5b2b-d7f8-41a7-a3e9-5ac78955ea41\nx-ms-date:Sun, 10 Aug 2025 00:37:53 GMT\nx-ms-return-client-request-id:true\nx-ms-version:2024-08-04\n/devstoreaccount1/devstoreaccount1/azure-webjobs-hosts/locks/cursor-285539928/host"
2025-08-10T00:37:53.837Z f98f5ba8-401c-4085-b494-f785ed4a0aff info: BlobSharedKeyAuthenticator:validate() Calculated authentication header based on key1: SharedKey devstoreaccount1:2/9TBzprv/1l2sBgIWCq0jg9tAbVnRPUPrxTKIeNZQo=
2025-08-10T00:37:53.837Z f98f5ba8-401c-4085-b494-f785ed4a0aff info: BlobSharedKeyAuthenticator:validate() Signature 1 matched.
2025-08-10T00:37:53.838Z f98f5ba8-401c-4085-b494-f785ed4a0aff verbose: DeserializerMiddleware: Start deserializing...
2025-08-10T00:37:53.838Z f98f5ba8-401c-4085-b494-f785ed4a0aff info: HandlerMiddleware: DeserializedParameters={"options":{"requestId":"ba7c5b2b-d7f8-41a7-a3e9-5ac78955ea41","leaseAccessConditions":{},"cpkInfo":{},"modifiedAccessConditions":{}},"version":"2024-08-04"}
2025-08-10T00:37:53.838Z f98f5ba8-401c-4085-b494-f785ed4a0aff verbose: SerializerMiddleware: Start serializing...
2025-08-10T00:37:53.838Z f98f5ba8-401c-4085-b494-f785ed4a0aff verbose: Send Blob telemetry: B_Blob_GetProperties
2025-08-10T00:37:53.838Z f98f5ba8-401c-4085-b494-f785ed4a0aff info: EndMiddleware: End response. TotalTimeInMS=1 StatusCode=200 StatusMessage=undefined Headers={"server":"Azurite-Blob/3.35.0","last-modified":"Sun, 10 Aug 2025 00:37:53 GMT","x-ms-creation-time":"Sun, 10 Aug 2025 00:37:53 GMT","x-ms-blob-type":"BlockBlob","x-ms-lease-duration":"fixed","x-ms-lease-state":"leased","x-ms-lease-status":"locked","content-length":"0","content-type":"application/octet-stream","etag":"\"0x227C66988C06640\"","content-md5":"1B2M2Y8AsgTpgAmY7PhCfg==","x-ms-client-request-id":"ba7c5b2b-d7f8-41a7-a3e9-5ac78955ea41","x-ms-request-id":"f98f5ba8-401c-4085-b494-f785ed4a0aff","x-ms-version":"2025-11-05","date":"Sun, 10 Aug 2025 00:37:53 GMT","accept-ranges":"bytes","x-ms-server-encrypted":"true","x-ms-access-tier":"Hot","x-ms-access-tier-inferred":"true","x-ms-access-tier-change-time":"Sun, 10 Aug 2025 00:37:53 GMT"}
2025-08-10T00:37:53.844Z 1883aa1d-2b2d-4793-aa34-6259f410fd26 info: BlobStorageContextMiddleware: RequestMethod=PUT RequestURL=http://127.0.0.1/devstoreaccount1/azure-webjobs-hosts/locks/cursor-285539928/host?comp=metadata RequestHeaders:{"host":"127.0.0.1:10000","x-ms-meta-functioninstance":"0000000000000000000000007045662D","x-ms-lease-id":"0000000000000000000000007045662D","x-ms-version":"2024-08-04","accept":"application/xml","x-ms-client-request-id":"7f719879-e28e-4569-9b6b-cf4416cdbd36","x-ms-return-client-request-id":"true","user-agent":"azsdk-net-Storage.Blobs/12.21.2 (.NET 8.0.18; Ubuntu 25.04)","x-ms-date":"Sun, 10 Aug 2025 00:37:53 GMT","authorization":"SharedKey devstoreaccount1:TB0RbGD1JDkKVeV7uxqS5OlGVAdDwJ12ahKg+1K1lRk=","content-length":"0"} ClientIP=127.0.0.1 Protocol=http HTTPVersion=1.1
2025-08-10T00:37:53.844Z 1883aa1d-2b2d-4793-aa34-6259f410fd26 info: BlobStorageContextMiddleware: Account=devstoreaccount1 Container=azure-webjobs-hosts Blob=locks/cursor-285539928/host
2025-08-10T00:37:53.844Z 1883aa1d-2b2d-4793-aa34-6259f410fd26 verbose: DispatchMiddleware: Dispatching request...
2025-08-10T00:37:53.845Z 1883aa1d-2b2d-4793-aa34-6259f410fd26 info: DispatchMiddleware: Operation=Blob_SetMetadata
2025-08-10T00:37:53.845Z 1883aa1d-2b2d-4793-aa34-6259f410fd26 verbose: AuthenticationMiddlewareFactory:createAuthenticationMiddleware() Validating authentications.
2025-08-10T00:37:53.845Z 1883aa1d-2b2d-4793-aa34-6259f410fd26 info: PublicAccessAuthenticator:validate() Start validation against public access.
2025-08-10T00:37:53.845Z 1883aa1d-2b2d-4793-aa34-6259f410fd26 debug: PublicAccessAuthenticator:validate() Getting account properties...
2025-08-10T00:37:53.845Z 1883aa1d-2b2d-4793-aa34-6259f410fd26 debug: PublicAccessAuthenticator:validate() Retrieved account name from context: devstoreaccount1, container: azure-webjobs-hosts, blob: locks/cursor-285539928/host
2025-08-10T00:37:53.845Z 1883aa1d-2b2d-4793-aa34-6259f410fd26 debug: PublicAccessAuthenticator:validate() Skip public access authentication. Cannot get public access type for container azure-webjobs-hosts
2025-08-10T00:37:53.845Z 1883aa1d-2b2d-4793-aa34-6259f410fd26 info: BlobSharedKeyAuthenticator:validate() Start validation against account shared key authentication.
2025-08-10T00:37:53.845Z 1883aa1d-2b2d-4793-aa34-6259f410fd26 info: BlobSharedKeyAuthenticator:validate() [STRING TO SIGN]:"PUT\n\n\n\n\n\n\n\n\n\n\n\nx-ms-client-request-id:7f719879-e28e-4569-9b6b-cf4416cdbd36\nx-ms-date:Sun, 10 Aug 2025 00:37:53 GMT\nx-ms-lease-id:0000000000000000000000007045662D\nx-ms-meta-functioninstance:0000000000000000000000007045662D\nx-ms-return-client-request-id:true\nx-ms-version:2024-08-04\n/devstoreaccount1/devstoreaccount1/azure-webjobs-hosts/locks/cursor-285539928/host\ncomp:metadata"
2025-08-10T00:37:53.845Z 1883aa1d-2b2d-4793-aa34-6259f410fd26 info: BlobSharedKeyAuthenticator:validate() Calculated authentication header based on key1: SharedKey devstoreaccount1:TB0RbGD1JDkKVeV7uxqS5OlGVAdDwJ12ahKg+1K1lRk=
2025-08-10T00:37:53.845Z 1883aa1d-2b2d-4793-aa34-6259f410fd26 info: BlobSharedKeyAuthenticator:validate() Signature 1 matched.
2025-08-10T00:37:53.845Z 1883aa1d-2b2d-4793-aa34-6259f410fd26 verbose: DeserializerMiddleware: Start deserializing...
2025-08-10T00:37:53.845Z 1883aa1d-2b2d-4793-aa34-6259f410fd26 info: HandlerMiddleware: DeserializedParameters={"options":{"metadata":{"functioninstance":"0000000000000000000000007045662D"},"requestId":"7f719879-e28e-4569-9b6b-cf4416cdbd36","leaseAccessConditions":{"leaseId":"0000000000000000000000007045662D"},"cpkInfo":{},"cpkScopeInfo":{},"modifiedAccessConditions":{}},"comp":"metadata","version":"2024-08-04"}
2025-08-10T00:37:53.846Z 1883aa1d-2b2d-4793-aa34-6259f410fd26 verbose: SerializerMiddleware: Start serializing...
2025-08-10T00:37:53.846Z 1883aa1d-2b2d-4793-aa34-6259f410fd26 verbose: Send Blob telemetry: B_Blob_SetMetadata
2025-08-10T00:37:53.846Z 1883aa1d-2b2d-4793-aa34-6259f410fd26 info: EndMiddleware: End response. TotalTimeInMS=2 StatusCode=200 StatusMessage=undefined Headers={"server":"Azurite-Blob/3.35.0","etag":"\"0x201825B0AFAF8C0\"","last-modified":"Sun, 10 Aug 2025 00:37:53 GMT","x-ms-client-request-id":"7f719879-e28e-4569-9b6b-cf4416cdbd36","x-ms-request-id":"1883aa1d-2b2d-4793-aa34-6259f410fd26","x-ms-version":"2025-11-05","date":"Sun, 10 Aug 2025 00:37:53 GMT","x-ms-request-server-encrypted":"true"}
2025-08-10T00:38:01.145Z 7619320f-7170-45b6-a141-8eb2eb04a3af info: QueueStorageContextMiddleware: RequestMethod=GET RequestURL=http://127.0.0.1/devstoreaccount1/publish-jobs?comp=metadata RequestHeaders:{"host":"127.0.0.1:10001","x-ms-version":"2025-05-05","accept":"application/xml","x-ms-client-request-id":"b8b10eb6-83d8-424b-9a92-e0132d46d2d0","x-ms-return-client-request-id":"true","user-agent":"azsdk-net-Storage.Queues/12.22.0 (.NET 8.0.18; Ubuntu 25.04)","x-ms-date":"Sun, 10 Aug 2025 00:38:01 GMT","authorization":"SharedKey devstoreaccount1:c3kx4b08ULDYBXmVtUhLngsypIMFHZPBT6H7h943mpQ="} ClientIP=127.0.0.1 Protocol=http HTTPVersion=1.1
2025-08-10T00:38:01.145Z 7619320f-7170-45b6-a141-8eb2eb04a3af info: QueueStorageContextMiddleware: Account=devstoreaccount1 Queue=publish-jobs Message=undefined MessageId=undefined
2025-08-10T00:38:01.146Z 7619320f-7170-45b6-a141-8eb2eb04a3af verbose: DispatchMiddleware: Dispatching request...
2025-08-10T00:38:01.146Z 7619320f-7170-45b6-a141-8eb2eb04a3af info: DispatchMiddleware: Operation=Queue_GetProperties
2025-08-10T00:38:01.146Z 7619320f-7170-45b6-a141-8eb2eb04a3af verbose: AuthenticationMiddlewareFactory:createAuthenticationMiddleware() Validating authentications.
2025-08-10T00:38:01.146Z 7619320f-7170-45b6-a141-8eb2eb04a3af info: QueueSharedKeyAuthenticator:validate() Start validation against account shared key authentication.
2025-08-10T00:38:01.146Z 7619320f-7170-45b6-a141-8eb2eb04a3af info: QueueSharedKeyAuthenticator:validate() [STRING TO SIGN]:"GET\n\n\n\n\n\n\n\n\n\n\n\nx-ms-client-request-id:b8b10eb6-83d8-424b-9a92-e0132d46d2d0\nx-ms-date:Sun, 10 Aug 2025 00:38:01 GMT\nx-ms-return-client-request-id:true\nx-ms-version:2025-05-05\n/devstoreaccount1/devstoreaccount1/publish-jobs\ncomp:metadata"
2025-08-10T00:38:01.147Z 7619320f-7170-45b6-a141-8eb2eb04a3af info: QueueSharedKeyAuthenticator:validate() Calculated authentication header based on key1: devstoreaccount1:c3kx4b08ULDYBXmVtUhLngsypIMFHZPBT6H7h943mpQ=
2025-08-10T00:38:01.147Z 7619320f-7170-45b6-a141-8eb2eb04a3af info: QueueSharedKeyAuthenticator:validate() Signature 1 matched.
2025-08-10T00:38:01.147Z 7619320f-7170-45b6-a141-8eb2eb04a3af verbose: DeserializerMiddleware: Start deserializing...
2025-08-10T00:38:01.147Z 7619320f-7170-45b6-a141-8eb2eb04a3af info: HandlerMiddleware: DeserializedParameters={"options":{"requestId":"b8b10eb6-83d8-424b-9a92-e0132d46d2d0"},"comp":"metadata","version":"2025-05-05"}
2025-08-10T00:38:01.148Z 7619320f-7170-45b6-a141-8eb2eb04a3af error: ErrorMiddleware: Received a MiddlewareError, fill error information to HTTP response
2025-08-10T00:38:01.148Z 7619320f-7170-45b6-a141-8eb2eb04a3af error: ErrorMiddleware: ErrorName=StorageError ErrorMessage=The specified queue does not exist.  ErrorHTTPStatusCode=404 ErrorHTTPStatusMessage=The specified queue does not exist. ErrorHTTPHeaders={"x-ms-error-code":"QueueNotFound","x-ms-request-id":"7619320f-7170-45b6-a141-8eb2eb04a3af","x-ms-version":"2025-11-05"} ErrorHTTPBody="<?xml version=\"1.0\" encoding=\"UTF-8\" standalone=\"yes\"?>\n<Error>\n  <Code>QueueNotFound</Code>\n  <Message>The specified queue does not exist.\nRequestId:7619320f-7170-45b6-a141-8eb2eb04a3af\nTime:2025-08-10T00:38:01.147Z</Message>\n</Error>" ErrorStack="StorageError: The specified queue does not exist.\n    at StorageErrorFactory.getQueueNotFound (/home/ubuntu/.nvm/versions/node/v22.16.0/lib/node_modules/azurite/dist/src/queue/errors/StorageErrorFactory.js:110:16)\n    at LokiQueueMetadataStore.getQueue (/home/ubuntu/.nvm/versions/node/v22.16.0/lib/node_modules/azurite/dist/src/queue/persistence/LokiQueueMetadataStore.js:247:49)\n    at QueueHandler.getProperties (/home/ubuntu/.nvm/versions/node/v22.16.0/lib/node_modules/azurite/dist/src/queue/handlers/QueueHandler.js:81:48)\n    at /home/ubuntu/.nvm/versions/node/v22.16.0/lib/node_modules/azurite/dist/src/queue/generated/middleware/HandlerMiddlewareFactory.js:58:18\n    at /home/ubuntu/.nvm/versions/node/v22.16.0/lib/node_modules/azurite/dist/src/queue/generated/ExpressMiddlewareFactory.js:77:63\n    at Layer.handle [as handle_request] (/home/ubuntu/.nvm/versions/node/v22.16.0/lib/node_modules/azurite/node_modules/express/lib/router/layer.js:95:5)\n    at trim_prefix (/home/ubuntu/.nvm/versions/node/v22.16.0/lib/node_modules/azurite/node_modules/express/lib/router/index.js:328:13)\n    at /home/ubuntu/.nvm/versions/node/v22.16.0/lib/node_modules/azurite/node_modules/express/lib/router/index.js:286:9\n    at Function.process_params (/home/ubuntu/.nvm/versions/node/v22.16.0/lib/node_modules/azurite/node_modules/express/lib/router/index.js:346:12)\n    at next (/home/ubuntu/.nvm/versions/node/v22.16.0/lib/node_modules/azurite/node_modules/express/lib/router/index.js:280:10)"
2025-08-10T00:38:01.148Z 7619320f-7170-45b6-a141-8eb2eb04a3af error: ErrorMiddleware: Set HTTP code: 404
2025-08-10T00:38:01.148Z 7619320f-7170-45b6-a141-8eb2eb04a3af error: ErrorMiddleware: Set HTTP status message: The specified queue does not exist.
2025-08-10T00:38:01.148Z 7619320f-7170-45b6-a141-8eb2eb04a3af error: ErrorMiddleware: Set HTTP Header: x-ms-error-code=QueueNotFound
2025-08-10T00:38:01.148Z 7619320f-7170-45b6-a141-8eb2eb04a3af error: ErrorMiddleware: Set HTTP Header: x-ms-request-id=7619320f-7170-45b6-a141-8eb2eb04a3af
2025-08-10T00:38:01.148Z 7619320f-7170-45b6-a141-8eb2eb04a3af error: ErrorMiddleware: Set HTTP Header: x-ms-version=2025-11-05
2025-08-10T00:38:01.148Z 7619320f-7170-45b6-a141-8eb2eb04a3af error: ErrorMiddleware: Set content type: application/xml
2025-08-10T00:38:01.148Z 7619320f-7170-45b6-a141-8eb2eb04a3af error: ErrorMiddleware: Set HTTP body: "<?xml version=\"1.0\" encoding=\"UTF-8\" standalone=\"yes\"?>\n<Error>\n  <Code>QueueNotFound</Code>\n  <Message>The specified queue does not exist.\nRequestId:7619320f-7170-45b6-a141-8eb2eb04a3af\nTime:2025-08-10T00:38:01.147Z</Message>\n</Error>"
2025-08-10T00:38:01.149Z 7619320f-7170-45b6-a141-8eb2eb04a3af verbose: Send Queue telemetry: Q_Queue_GetProperties
2025-08-10T00:38:01.149Z 7619320f-7170-45b6-a141-8eb2eb04a3af info: EndMiddleware: End response. TotalTimeInMS=4 StatusCode=404 StatusMessage=The specified queue does not exist. Headers={"server":"Azurite-Queue/3.35.0","x-ms-error-code":"QueueNotFound","x-ms-request-id":"7619320f-7170-45b6-a141-8eb2eb04a3af","x-ms-version":"2025-11-05","content-type":"application/xml"}
2025-08-10T00:38:01.260Z 1df64be2-3bf9-4c6c-864c-d5bf84547da8 info: QueueStorageContextMiddleware: RequestMethod=GET RequestURL=http://127.0.0.1/devstoreaccount1/publish-jobs?comp=metadata RequestHeaders:{"host":"127.0.0.1:10001","x-ms-version":"2025-05-05","accept":"application/xml","x-ms-client-request-id":"9d2cbd29-ac3e-4ff9-bdc3-5f7af2ab1277","x-ms-return-client-request-id":"true","user-agent":"azsdk-net-Storage.Queues/12.22.0 (.NET 8.0.18; Ubuntu 25.04)","x-ms-date":"Sun, 10 Aug 2025 00:38:01 GMT","authorization":"SharedKey devstoreaccount1:TbTmg9TODTq/A+xkkggwz9DN9FtLbcUY0MCT4luxgBw="} ClientIP=127.0.0.1 Protocol=http HTTPVersion=1.1
2025-08-10T00:38:01.260Z 1df64be2-3bf9-4c6c-864c-d5bf84547da8 info: QueueStorageContextMiddleware: Account=devstoreaccount1 Queue=publish-jobs Message=undefined MessageId=undefined
2025-08-10T00:38:01.260Z 1df64be2-3bf9-4c6c-864c-d5bf84547da8 verbose: DispatchMiddleware: Dispatching request...
2025-08-10T00:38:01.260Z 1df64be2-3bf9-4c6c-864c-d5bf84547da8 info: DispatchMiddleware: Operation=Queue_GetProperties
2025-08-10T00:38:01.260Z 1df64be2-3bf9-4c6c-864c-d5bf84547da8 verbose: AuthenticationMiddlewareFactory:createAuthenticationMiddleware() Validating authentications.
2025-08-10T00:38:01.260Z 1df64be2-3bf9-4c6c-864c-d5bf84547da8 info: QueueSharedKeyAuthenticator:validate() Start validation against account shared key authentication.
2025-08-10T00:38:01.261Z 1df64be2-3bf9-4c6c-864c-d5bf84547da8 info: QueueSharedKeyAuthenticator:validate() [STRING TO SIGN]:"GET\n\n\n\n\n\n\n\n\n\n\n\nx-ms-client-request-id:9d2cbd29-ac3e-4ff9-bdc3-5f7af2ab1277\nx-ms-date:Sun, 10 Aug 2025 00:38:01 GMT\nx-ms-return-client-request-id:true\nx-ms-version:2025-05-05\n/devstoreaccount1/devstoreaccount1/publish-jobs\ncomp:metadata"
2025-08-10T00:38:01.261Z 1df64be2-3bf9-4c6c-864c-d5bf84547da8 info: QueueSharedKeyAuthenticator:validate() Calculated authentication header based on key1: devstoreaccount1:TbTmg9TODTq/A+xkkggwz9DN9FtLbcUY0MCT4luxgBw=
2025-08-10T00:38:01.261Z 1df64be2-3bf9-4c6c-864c-d5bf84547da8 info: QueueSharedKeyAuthenticator:validate() Signature 1 matched.
2025-08-10T00:38:01.261Z 1df64be2-3bf9-4c6c-864c-d5bf84547da8 verbose: DeserializerMiddleware: Start deserializing...
2025-08-10T00:38:01.261Z 1df64be2-3bf9-4c6c-864c-d5bf84547da8 info: HandlerMiddleware: DeserializedParameters={"options":{"requestId":"9d2cbd29-ac3e-4ff9-bdc3-5f7af2ab1277"},"comp":"metadata","version":"2025-05-05"}
2025-08-10T00:38:01.261Z 1df64be2-3bf9-4c6c-864c-d5bf84547da8 error: ErrorMiddleware: Received a MiddlewareError, fill error information to HTTP response
2025-08-10T00:38:01.261Z 1df64be2-3bf9-4c6c-864c-d5bf84547da8 error: ErrorMiddleware: ErrorName=StorageError ErrorMessage=The specified queue does not exist.  ErrorHTTPStatusCode=404 ErrorHTTPStatusMessage=The specified queue does not exist. ErrorHTTPHeaders={"x-ms-error-code":"QueueNotFound","x-ms-request-id":"1df64be2-3bf9-4c6c-864c-d5bf84547da8","x-ms-version":"2025-11-05"} ErrorHTTPBody="<?xml version=\"1.0\" encoding=\"UTF-8\" standalone=\"yes\"?>\n<Error>\n  <Code>QueueNotFound</Code>\n  <Message>The specified queue does not exist.\nRequestId:1df64be2-3bf9-4c6c-864c-d5bf84547da8\nTime:2025-08-10T00:38:01.261Z</Message>\n</Error>" ErrorStack="StorageError: The specified queue does not exist.\n    at StorageErrorFactory.getQueueNotFound (/home/ubuntu/.nvm/versions/node/v22.16.0/lib/node_modules/azurite/dist/src/queue/errors/StorageErrorFactory.js:110:16)\n    at LokiQueueMetadataStore.getQueue (/home/ubuntu/.nvm/versions/node/v22.16.0/lib/node_modules/azurite/dist/src/queue/persistence/LokiQueueMetadataStore.js:247:49)\n    at QueueHandler.getProperties (/home/ubuntu/.nvm/versions/node/v22.16.0/lib/node_modules/azurite/dist/src/queue/handlers/QueueHandler.js:81:48)\n    at /home/ubuntu/.nvm/versions/node/v22.16.0/lib/node_modules/azurite/dist/src/queue/generated/middleware/HandlerMiddlewareFactory.js:58:18\n    at /home/ubuntu/.nvm/versions/node/v22.16.0/lib/node_modules/azurite/dist/src/queue/generated/ExpressMiddlewareFactory.js:77:63\n    at Layer.handle [as handle_request] (/home/ubuntu/.nvm/versions/node/v22.16.0/lib/node_modules/azurite/node_modules/express/lib/router/layer.js:95:5)\n    at trim_prefix (/home/ubuntu/.nvm/versions/node/v22.16.0/lib/node_modules/azurite/node_modules/express/lib/router/index.js:328:13)\n    at /home/ubuntu/.nvm/versions/node/v22.16.0/lib/node_modules/azurite/node_modules/express/lib/router/index.js:286:9\n    at Function.process_params (/home/ubuntu/.nvm/versions/node/v22.16.0/lib/node_modules/azurite/node_modules/express/lib/router/index.js:346:12)\n    at next (/home/ubuntu/.nvm/versions/node/v22.16.0/lib/node_modules/azurite/node_modules/express/lib/router/index.js:280:10)"
2025-08-10T00:38:01.261Z 1df64be2-3bf9-4c6c-864c-d5bf84547da8 error: ErrorMiddleware: Set HTTP code: 404
2025-08-10T00:38:01.261Z 1df64be2-3bf9-4c6c-864c-d5bf84547da8 error: ErrorMiddleware: Set HTTP status message: The specified queue does not exist.
2025-08-10T00:38:01.261Z 1df64be2-3bf9-4c6c-864c-d5bf84547da8 error: ErrorMiddleware: Set HTTP Header: x-ms-error-code=QueueNotFound
2025-08-10T00:38:01.261Z 1df64be2-3bf9-4c6c-864c-d5bf84547da8 error: ErrorMiddleware: Set HTTP Header: x-ms-request-id=1df64be2-3bf9-4c6c-864c-d5bf84547da8
2025-08-10T00:38:01.261Z 1df64be2-3bf9-4c6c-864c-d5bf84547da8 error: ErrorMiddleware: Set HTTP Header: x-ms-version=2025-11-05
2025-08-10T00:38:01.261Z 1df64be2-3bf9-4c6c-864c-d5bf84547da8 error: ErrorMiddleware: Set content type: application/xml
2025-08-10T00:38:01.261Z 1df64be2-3bf9-4c6c-864c-d5bf84547da8 error: ErrorMiddleware: Set HTTP body: "<?xml version=\"1.0\" encoding=\"UTF-8\" standalone=\"yes\"?>\n<Error>\n  <Code>QueueNotFound</Code>\n  <Message>The specified queue does not exist.\nRequestId:1df64be2-3bf9-4c6c-864c-d5bf84547da8\nTime:2025-08-10T00:38:01.261Z</Message>\n</Error>"
2025-08-10T00:38:01.261Z 1df64be2-3bf9-4c6c-864c-d5bf84547da8 verbose: Send Queue telemetry: Q_Queue_GetProperties
2025-08-10T00:38:01.261Z 1df64be2-3bf9-4c6c-864c-d5bf84547da8 info: EndMiddleware: End response. TotalTimeInMS=1 StatusCode=404 StatusMessage=The specified queue does not exist. Headers={"server":"Azurite-Queue/3.35.0","x-ms-error-code":"QueueNotFound","x-ms-request-id":"1df64be2-3bf9-4c6c-864c-d5bf84547da8","x-ms-version":"2025-11-05","content-type":"application/xml"}
2025-08-10T00:38:01.471Z 8754d844-6b36-4a8b-8dae-0ce13c909256 info: QueueStorageContextMiddleware: RequestMethod=GET RequestURL=http://127.0.0.1/devstoreaccount1/publish-jobs?comp=metadata RequestHeaders:{"host":"127.0.0.1:10001","x-ms-version":"2025-05-05","accept":"application/xml","x-ms-client-request-id":"469538f8-c2a4-4289-a860-cdd23444f353","x-ms-return-client-request-id":"true","user-agent":"azsdk-net-Storage.Queues/12.22.0 (.NET 8.0.18; Ubuntu 25.04)","x-ms-date":"Sun, 10 Aug 2025 00:38:01 GMT","authorization":"SharedKey devstoreaccount1:MpwOBez2SeUuJbzHiP044zyxhFbx3ZrqR80Dwkqnkz4="} ClientIP=127.0.0.1 Protocol=http HTTPVersion=1.1
2025-08-10T00:38:01.471Z 8754d844-6b36-4a8b-8dae-0ce13c909256 info: QueueStorageContextMiddleware: Account=devstoreaccount1 Queue=publish-jobs Message=undefined MessageId=undefined
2025-08-10T00:38:01.471Z 8754d844-6b36-4a8b-8dae-0ce13c909256 verbose: DispatchMiddleware: Dispatching request...
2025-08-10T00:38:01.471Z 8754d844-6b36-4a8b-8dae-0ce13c909256 info: DispatchMiddleware: Operation=Queue_GetProperties
2025-08-10T00:38:01.471Z 8754d844-6b36-4a8b-8dae-0ce13c909256 verbose: AuthenticationMiddlewareFactory:createAuthenticationMiddleware() Validating authentications.
2025-08-10T00:38:01.471Z 8754d844-6b36-4a8b-8dae-0ce13c909256 info: QueueSharedKeyAuthenticator:validate() Start validation against account shared key authentication.
2025-08-10T00:38:01.471Z 8754d844-6b36-4a8b-8dae-0ce13c909256 info: QueueSharedKeyAuthenticator:validate() [STRING TO SIGN]:"GET\n\n\n\n\n\n\n\n\n\n\n\nx-ms-client-request-id:469538f8-c2a4-4289-a860-cdd23444f353\nx-ms-date:Sun, 10 Aug 2025 00:38:01 GMT\nx-ms-return-client-request-id:true\nx-ms-version:2025-05-05\n/devstoreaccount1/devstoreaccount1/publish-jobs\ncomp:metadata"
2025-08-10T00:38:01.471Z 8754d844-6b36-4a8b-8dae-0ce13c909256 info: QueueSharedKeyAuthenticator:validate() Calculated authentication header based on key1: devstoreaccount1:MpwOBez2SeUuJbzHiP044zyxhFbx3ZrqR80Dwkqnkz4=
2025-08-10T00:38:01.471Z 8754d844-6b36-4a8b-8dae-0ce13c909256 info: QueueSharedKeyAuthenticator:validate() Signature 1 matched.
2025-08-10T00:38:01.471Z 8754d844-6b36-4a8b-8dae-0ce13c909256 verbose: DeserializerMiddleware: Start deserializing...
2025-08-10T00:38:01.471Z 8754d844-6b36-4a8b-8dae-0ce13c909256 info: HandlerMiddleware: DeserializedParameters={"options":{"requestId":"469538f8-c2a4-4289-a860-cdd23444f353"},"comp":"metadata","version":"2025-05-05"}
2025-08-10T00:38:01.471Z 8754d844-6b36-4a8b-8dae-0ce13c909256 error: ErrorMiddleware: Received a MiddlewareError, fill error information to HTTP response
2025-08-10T00:38:01.471Z 8754d844-6b36-4a8b-8dae-0ce13c909256 error: ErrorMiddleware: ErrorName=StorageError ErrorMessage=The specified queue does not exist.  ErrorHTTPStatusCode=404 ErrorHTTPStatusMessage=The specified queue does not exist. ErrorHTTPHeaders={"x-ms-error-code":"QueueNotFound","x-ms-request-id":"8754d844-6b36-4a8b-8dae-0ce13c909256","x-ms-version":"2025-11-05"} ErrorHTTPBody="<?xml version=\"1.0\" encoding=\"UTF-8\" standalone=\"yes\"?>\n<Error>\n  <Code>QueueNotFound</Code>\n  <Message>The specified queue does not exist.\nRequestId:8754d844-6b36-4a8b-8dae-0ce13c909256\nTime:2025-08-10T00:38:01.471Z</Message>\n</Error>" ErrorStack="StorageError: The specified queue does not exist.\n    at StorageErrorFactory.getQueueNotFound (/home/ubuntu/.nvm/versions/node/v22.16.0/lib/node_modules/azurite/dist/src/queue/errors/StorageErrorFactory.js:110:16)\n    at LokiQueueMetadataStore.getQueue (/home/ubuntu/.nvm/versions/node/v22.16.0/lib/node_modules/azurite/dist/src/queue/persistence/LokiQueueMetadataStore.js:247:49)\n    at QueueHandler.getProperties (/home/ubuntu/.nvm/versions/node/v22.16.0/lib/node_modules/azurite/dist/src/queue/handlers/QueueHandler.js:81:48)\n    at /home/ubuntu/.nvm/versions/node/v22.16.0/lib/node_modules/azurite/dist/src/queue/generated/middleware/HandlerMiddlewareFactory.js:58:18\n    at /home/ubuntu/.nvm/versions/node/v22.16.0/lib/node_modules/azurite/dist/src/queue/generated/ExpressMiddlewareFactory.js:77:63\n    at Layer.handle [as handle_request] (/home/ubuntu/.nvm/versions/node/v22.16.0/lib/node_modules/azurite/node_modules/express/lib/router/layer.js:95:5)\n    at trim_prefix (/home/ubuntu/.nvm/versions/node/v22.16.0/lib/node_modules/azurite/node_modules/express/lib/router/index.js:328:13)\n    at /home/ubuntu/.nvm/versions/node/v22.16.0/lib/node_modules/azurite/node_modules/express/lib/router/index.js:286:9\n    at Function.process_params (/home/ubuntu/.nvm/versions/node/v22.16.0/lib/node_modules/azurite/node_modules/express/lib/router/index.js:346:12)\n    at next (/home/ubuntu/.nvm/versions/node/v22.16.0/lib/node_modules/azurite/node_modules/express/lib/router/index.js:280:10)"
2025-08-10T00:38:01.471Z 8754d844-6b36-4a8b-8dae-0ce13c909256 error: ErrorMiddleware: Set HTTP code: 404
2025-08-10T00:38:01.471Z 8754d844-6b36-4a8b-8dae-0ce13c909256 error: ErrorMiddleware: Set HTTP status message: The specified queue does not exist.
2025-08-10T00:38:01.471Z 8754d844-6b36-4a8b-8dae-0ce13c909256 error: ErrorMiddleware: Set HTTP Header: x-ms-error-code=QueueNotFound
2025-08-10T00:38:01.471Z 8754d844-6b36-4a8b-8dae-0ce13c909256 error: ErrorMiddleware: Set HTTP Header: x-ms-request-id=8754d844-6b36-4a8b-8dae-0ce13c909256
2025-08-10T00:38:01.471Z 8754d844-6b36-4a8b-8dae-0ce13c909256 error: ErrorMiddleware: Set HTTP Header: x-ms-version=2025-11-05
2025-08-10T00:38:01.471Z 8754d844-6b36-4a8b-8dae-0ce13c909256 error: ErrorMiddleware: Set content type: application/xml
2025-08-10T00:38:01.471Z 8754d844-6b36-4a8b-8dae-0ce13c909256 error: ErrorMiddleware: Set HTTP body: "<?xml version=\"1.0\" encoding=\"UTF-8\" standalone=\"yes\"?>\n<Error>\n  <Code>QueueNotFound</Code>\n  <Message>The specified queue does not exist.\nRequestId:8754d844-6b36-4a8b-8dae-0ce13c909256\nTime:2025-08-10T00:38:01.471Z</Message>\n</Error>"
2025-08-10T00:38:01.472Z 8754d844-6b36-4a8b-8dae-0ce13c909256 verbose: Send Queue telemetry: Q_Queue_GetProperties
2025-08-10T00:38:01.472Z 8754d844-6b36-4a8b-8dae-0ce13c909256 info: EndMiddleware: End response. TotalTimeInMS=1 StatusCode=404 StatusMessage=The specified queue does not exist. Headers={"server":"Azurite-Queue/3.35.0","x-ms-error-code":"QueueNotFound","x-ms-request-id":"8754d844-6b36-4a8b-8dae-0ce13c909256","x-ms-version":"2025-11-05","content-type":"application/xml"}
2025-08-10T00:38:01.768Z bbcc49f1-764f-4a41-90e4-2325a5ecfcf7 info: QueueStorageContextMiddleware: RequestMethod=GET RequestURL=http://127.0.0.1/devstoreaccount1/publish-jobs?comp=metadata RequestHeaders:{"host":"127.0.0.1:10001","x-ms-version":"2025-05-05","accept":"application/xml","x-ms-client-request-id":"90543d94-d906-4bcf-a4ee-31b65a273b7f","x-ms-return-client-request-id":"true","user-agent":"azsdk-net-Storage.Queues/12.22.0 (.NET 8.0.18; Ubuntu 25.04)","x-ms-date":"Sun, 10 Aug 2025 00:38:01 GMT","authorization":"SharedKey devstoreaccount1:VMi3gEvQEPM6Qi/SwXMYPGQZHsGK+d7zu4eWFrxGhFI="} ClientIP=127.0.0.1 Protocol=http HTTPVersion=1.1
2025-08-10T00:38:01.768Z bbcc49f1-764f-4a41-90e4-2325a5ecfcf7 info: QueueStorageContextMiddleware: Account=devstoreaccount1 Queue=publish-jobs Message=undefined MessageId=undefined
2025-08-10T00:38:01.768Z bbcc49f1-764f-4a41-90e4-2325a5ecfcf7 verbose: DispatchMiddleware: Dispatching request...
2025-08-10T00:38:01.768Z bbcc49f1-764f-4a41-90e4-2325a5ecfcf7 info: DispatchMiddleware: Operation=Queue_GetProperties
2025-08-10T00:38:01.768Z bbcc49f1-764f-4a41-90e4-2325a5ecfcf7 verbose: AuthenticationMiddlewareFactory:createAuthenticationMiddleware() Validating authentications.
2025-08-10T00:38:01.768Z bbcc49f1-764f-4a41-90e4-2325a5ecfcf7 info: QueueSharedKeyAuthenticator:validate() Start validation against account shared key authentication.
2025-08-10T00:38:01.768Z bbcc49f1-764f-4a41-90e4-2325a5ecfcf7 info: QueueSharedKeyAuthenticator:validate() [STRING TO SIGN]:"GET\n\n\n\n\n\n\n\n\n\n\n\nx-ms-client-request-id:90543d94-d906-4bcf-a4ee-31b65a273b7f\nx-ms-date:Sun, 10 Aug 2025 00:38:01 GMT\nx-ms-return-client-request-id:true\nx-ms-version:2025-05-05\n/devstoreaccount1/devstoreaccount1/publish-jobs\ncomp:metadata"
2025-08-10T00:38:01.768Z bbcc49f1-764f-4a41-90e4-2325a5ecfcf7 info: QueueSharedKeyAuthenticator:validate() Calculated authentication header based on key1: devstoreaccount1:VMi3gEvQEPM6Qi/SwXMYPGQZHsGK+d7zu4eWFrxGhFI=
2025-08-10T00:38:01.768Z bbcc49f1-764f-4a41-90e4-2325a5ecfcf7 info: QueueSharedKeyAuthenticator:validate() Signature 1 matched.
2025-08-10T00:38:01.768Z bbcc49f1-764f-4a41-90e4-2325a5ecfcf7 verbose: DeserializerMiddleware: Start deserializing...
2025-08-10T00:38:01.769Z bbcc49f1-764f-4a41-90e4-2325a5ecfcf7 info: HandlerMiddleware: DeserializedParameters={"options":{"requestId":"90543d94-d906-4bcf-a4ee-31b65a273b7f"},"comp":"metadata","version":"2025-05-05"}
2025-08-10T00:38:01.769Z bbcc49f1-764f-4a41-90e4-2325a5ecfcf7 error: ErrorMiddleware: Received a MiddlewareError, fill error information to HTTP response
2025-08-10T00:38:01.769Z bbcc49f1-764f-4a41-90e4-2325a5ecfcf7 error: ErrorMiddleware: ErrorName=StorageError ErrorMessage=The specified queue does not exist.  ErrorHTTPStatusCode=404 ErrorHTTPStatusMessage=The specified queue does not exist. ErrorHTTPHeaders={"x-ms-error-code":"QueueNotFound","x-ms-request-id":"bbcc49f1-764f-4a41-90e4-2325a5ecfcf7","x-ms-version":"2025-11-05"} ErrorHTTPBody="<?xml version=\"1.0\" encoding=\"UTF-8\" standalone=\"yes\"?>\n<Error>\n  <Code>QueueNotFound</Code>\n  <Message>The specified queue does not exist.\nRequestId:bbcc49f1-764f-4a41-90e4-2325a5ecfcf7\nTime:2025-08-10T00:38:01.769Z</Message>\n</Error>" ErrorStack="StorageError: The specified queue does not exist.\n    at StorageErrorFactory.getQueueNotFound (/home/ubuntu/.nvm/versions/node/v22.16.0/lib/node_modules/azurite/dist/src/queue/errors/StorageErrorFactory.js:110:16)\n    at LokiQueueMetadataStore.getQueue (/home/ubuntu/.nvm/versions/node/v22.16.0/lib/node_modules/azurite/dist/src/queue/persistence/LokiQueueMetadataStore.js:247:49)\n    at QueueHandler.getProperties (/home/ubuntu/.nvm/versions/node/v22.16.0/lib/node_modules/azurite/dist/src/queue/handlers/QueueHandler.js:81:48)\n    at /home/ubuntu/.nvm/versions/node/v22.16.0/lib/node_modules/azurite/dist/src/queue/generated/middleware/HandlerMiddlewareFactory.js:58:18\n    at /home/ubuntu/.nvm/versions/node/v22.16.0/lib/node_modules/azurite/dist/src/queue/generated/ExpressMiddlewareFactory.js:77:63\n    at Layer.handle [as handle_request] (/home/ubuntu/.nvm/versions/node/v22.16.0/lib/node_modules/azurite/node_modules/express/lib/router/layer.js:95:5)\n    at trim_prefix (/home/ubuntu/.nvm/versions/node/v22.16.0/lib/node_modules/azurite/node_modules/express/lib/router/index.js:328:13)\n    at /home/ubuntu/.nvm/versions/node/v22.16.0/lib/node_modules/azurite/node_modules/express/lib/router/index.js:286:9\n    at Function.process_params (/home/ubuntu/.nvm/versions/node/v22.16.0/lib/node_modules/azurite/node_modules/express/lib/router/index.js:346:12)\n    at next (/home/ubuntu/.nvm/versions/node/v22.16.0/lib/node_modules/azurite/node_modules/express/lib/router/index.js:280:10)"
2025-08-10T00:38:01.769Z bbcc49f1-764f-4a41-90e4-2325a5ecfcf7 error: ErrorMiddleware: Set HTTP code: 404
2025-08-10T00:38:01.769Z bbcc49f1-764f-4a41-90e4-2325a5ecfcf7 error: ErrorMiddleware: Set HTTP status message: The specified queue does not exist.
2025-08-10T00:38:01.769Z bbcc49f1-764f-4a41-90e4-2325a5ecfcf7 error: ErrorMiddleware: Set HTTP Header: x-ms-error-code=QueueNotFound
2025-08-10T00:38:01.769Z bbcc49f1-764f-4a41-90e4-2325a5ecfcf7 error: ErrorMiddleware: Set HTTP Header: x-ms-request-id=bbcc49f1-764f-4a41-90e4-2325a5ecfcf7
2025-08-10T00:38:01.769Z bbcc49f1-764f-4a41-90e4-2325a5ecfcf7 error: ErrorMiddleware: Set HTTP Header: x-ms-version=2025-11-05
2025-08-10T00:38:01.769Z bbcc49f1-764f-4a41-90e4-2325a5ecfcf7 error: ErrorMiddleware: Set content type: application/xml
2025-08-10T00:38:01.769Z bbcc49f1-764f-4a41-90e4-2325a5ecfcf7 error: ErrorMiddleware: Set HTTP body: "<?xml version=\"1.0\" encoding=\"UTF-8\" standalone=\"yes\"?>\n<Error>\n  <Code>QueueNotFound</Code>\n  <Message>The specified queue does not exist.\nRequestId:bbcc49f1-764f-4a41-90e4-2325a5ecfcf7\nTime:2025-08-10T00:38:01.769Z</Message>\n</Error>"
2025-08-10T00:38:01.769Z bbcc49f1-764f-4a41-90e4-2325a5ecfcf7 verbose: Send Queue telemetry: Q_Queue_GetProperties
2025-08-10T00:38:01.769Z bbcc49f1-764f-4a41-90e4-2325a5ecfcf7 info: EndMiddleware: End response. TotalTimeInMS=1 StatusCode=404 StatusMessage=The specified queue does not exist. Headers={"server":"Azurite-Queue/3.35.0","x-ms-error-code":"QueueNotFound","x-ms-request-id":"bbcc49f1-764f-4a41-90e4-2325a5ecfcf7","x-ms-version":"2025-11-05","content-type":"application/xml"}
2025-08-10T00:38:02.336Z 78ad31c3-2a9a-4cc3-b6e9-41e013db0bdd info: QueueStorageContextMiddleware: RequestMethod=GET RequestURL=http://127.0.0.1/devstoreaccount1/publish-jobs?comp=metadata RequestHeaders:{"host":"127.0.0.1:10001","x-ms-version":"2025-05-05","accept":"application/xml","x-ms-client-request-id":"1f5e8eb3-ea4b-4d09-93d0-7fbcdbeebacd","x-ms-return-client-request-id":"true","user-agent":"azsdk-net-Storage.Queues/12.22.0 (.NET 8.0.18; Ubuntu 25.04)","x-ms-date":"Sun, 10 Aug 2025 00:38:02 GMT","authorization":"SharedKey devstoreaccount1:zArXAgbIUV3wBl/dC2BvoM+Z5Ov/p+hAga0npceJbOo="} ClientIP=127.0.0.1 Protocol=http HTTPVersion=1.1
2025-08-10T00:38:02.337Z 78ad31c3-2a9a-4cc3-b6e9-41e013db0bdd info: QueueStorageContextMiddleware: Account=devstoreaccount1 Queue=publish-jobs Message=undefined MessageId=undefined
2025-08-10T00:38:02.337Z 78ad31c3-2a9a-4cc3-b6e9-41e013db0bdd verbose: DispatchMiddleware: Dispatching request...
2025-08-10T00:38:02.337Z 78ad31c3-2a9a-4cc3-b6e9-41e013db0bdd info: DispatchMiddleware: Operation=Queue_GetProperties
2025-08-10T00:38:02.337Z 78ad31c3-2a9a-4cc3-b6e9-41e013db0bdd verbose: AuthenticationMiddlewareFactory:createAuthenticationMiddleware() Validating authentications.
2025-08-10T00:38:02.337Z 78ad31c3-2a9a-4cc3-b6e9-41e013db0bdd info: QueueSharedKeyAuthenticator:validate() Start validation against account shared key authentication.
2025-08-10T00:38:02.337Z 78ad31c3-2a9a-4cc3-b6e9-41e013db0bdd info: QueueSharedKeyAuthenticator:validate() [STRING TO SIGN]:"GET\n\n\n\n\n\n\n\n\n\n\n\nx-ms-client-request-id:1f5e8eb3-ea4b-4d09-93d0-7fbcdbeebacd\nx-ms-date:Sun, 10 Aug 2025 00:38:02 GMT\nx-ms-return-client-request-id:true\nx-ms-version:2025-05-05\n/devstoreaccount1/devstoreaccount1/publish-jobs\ncomp:metadata"
2025-08-10T00:38:02.337Z 78ad31c3-2a9a-4cc3-b6e9-41e013db0bdd info: QueueSharedKeyAuthenticator:validate() Calculated authentication header based on key1: devstoreaccount1:zArXAgbIUV3wBl/dC2BvoM+Z5Ov/p+hAga0npceJbOo=
2025-08-10T00:38:02.337Z 78ad31c3-2a9a-4cc3-b6e9-41e013db0bdd info: QueueSharedKeyAuthenticator:validate() Signature 1 matched.
2025-08-10T00:38:02.337Z 78ad31c3-2a9a-4cc3-b6e9-41e013db0bdd verbose: DeserializerMiddleware: Start deserializing...
2025-08-10T00:38:02.337Z 78ad31c3-2a9a-4cc3-b6e9-41e013db0bdd info: HandlerMiddleware: DeserializedParameters={"options":{"requestId":"1f5e8eb3-ea4b-4d09-93d0-7fbcdbeebacd"},"comp":"metadata","version":"2025-05-05"}
2025-08-10T00:38:02.337Z 78ad31c3-2a9a-4cc3-b6e9-41e013db0bdd error: ErrorMiddleware: Received a MiddlewareError, fill error information to HTTP response
2025-08-10T00:38:02.338Z 78ad31c3-2a9a-4cc3-b6e9-41e013db0bdd error: ErrorMiddleware: ErrorName=StorageError ErrorMessage=The specified queue does not exist.  ErrorHTTPStatusCode=404 ErrorHTTPStatusMessage=The specified queue does not exist. ErrorHTTPHeaders={"x-ms-error-code":"QueueNotFound","x-ms-request-id":"78ad31c3-2a9a-4cc3-b6e9-41e013db0bdd","x-ms-version":"2025-11-05"} ErrorHTTPBody="<?xml version=\"1.0\" encoding=\"UTF-8\" standalone=\"yes\"?>\n<Error>\n  <Code>QueueNotFound</Code>\n  <Message>The specified queue does not exist.\nRequestId:78ad31c3-2a9a-4cc3-b6e9-41e013db0bdd\nTime:2025-08-10T00:38:02.337Z</Message>\n</Error>" ErrorStack="StorageError: The specified queue does not exist.\n    at StorageErrorFactory.getQueueNotFound (/home/ubuntu/.nvm/versions/node/v22.16.0/lib/node_modules/azurite/dist/src/queue/errors/StorageErrorFactory.js:110:16)\n    at LokiQueueMetadataStore.getQueue (/home/ubuntu/.nvm/versions/node/v22.16.0/lib/node_modules/azurite/dist/src/queue/persistence/LokiQueueMetadataStore.js:247:49)\n    at QueueHandler.getProperties (/home/ubuntu/.nvm/versions/node/v22.16.0/lib/node_modules/azurite/dist/src/queue/handlers/QueueHandler.js:81:48)\n    at /home/ubuntu/.nvm/versions/node/v22.16.0/lib/node_modules/azurite/dist/src/queue/generated/middleware/HandlerMiddlewareFactory.js:58:18\n    at /home/ubuntu/.nvm/versions/node/v22.16.0/lib/node_modules/azurite/dist/src/queue/generated/ExpressMiddlewareFactory.js:77:63\n    at Layer.handle [as handle_request] (/home/ubuntu/.nvm/versions/node/v22.16.0/lib/node_modules/azurite/node_modules/express/lib/router/layer.js:95:5)\n    at trim_prefix (/home/ubuntu/.nvm/versions/node/v22.16.0/lib/node_modules/azurite/node_modules/express/lib/router/index.js:328:13)\n    at /home/ubuntu/.nvm/versions/node/v22.16.0/lib/node_modules/azurite/node_modules/express/lib/router/index.js:286:9\n    at Function.process_params (/home/ubuntu/.nvm/versions/node/v22.16.0/lib/node_modules/azurite/node_modules/express/lib/router/index.js:346:12)\n    at next (/home/ubuntu/.nvm/versions/node/v22.16.0/lib/node_modules/azurite/node_modules/express/lib/router/index.js:280:10)"
2025-08-10T00:38:02.338Z 78ad31c3-2a9a-4cc3-b6e9-41e013db0bdd error: ErrorMiddleware: Set HTTP code: 404
2025-08-10T00:38:02.338Z 78ad31c3-2a9a-4cc3-b6e9-41e013db0bdd error: ErrorMiddleware: Set HTTP status message: The specified queue does not exist.
2025-08-10T00:38:02.338Z 78ad31c3-2a9a-4cc3-b6e9-41e013db0bdd error: ErrorMiddleware: Set HTTP Header: x-ms-error-code=QueueNotFound
2025-08-10T00:38:02.338Z 78ad31c3-2a9a-4cc3-b6e9-41e013db0bdd error: ErrorMiddleware: Set HTTP Header: x-ms-request-id=78ad31c3-2a9a-4cc3-b6e9-41e013db0bdd
2025-08-10T00:38:02.338Z 78ad31c3-2a9a-4cc3-b6e9-41e013db0bdd error: ErrorMiddleware: Set HTTP Header: x-ms-version=2025-11-05
2025-08-10T00:38:02.338Z 78ad31c3-2a9a-4cc3-b6e9-41e013db0bdd error: ErrorMiddleware: Set content type: application/xml
2025-08-10T00:38:02.338Z 78ad31c3-2a9a-4cc3-b6e9-41e013db0bdd error: ErrorMiddleware: Set HTTP body: "<?xml version=\"1.0\" encoding=\"UTF-8\" standalone=\"yes\"?>\n<Error>\n  <Code>QueueNotFound</Code>\n  <Message>The specified queue does not exist.\nRequestId:78ad31c3-2a9a-4cc3-b6e9-41e013db0bdd\nTime:2025-08-10T00:38:02.337Z</Message>\n</Error>"
2025-08-10T00:38:02.338Z 78ad31c3-2a9a-4cc3-b6e9-41e013db0bdd verbose: Send Queue telemetry: Q_Queue_GetProperties
2025-08-10T00:38:02.338Z 78ad31c3-2a9a-4cc3-b6e9-41e013db0bdd info: EndMiddleware: End response. TotalTimeInMS=2 StatusCode=404 StatusMessage=The specified queue does not exist. Headers={"server":"Azurite-Queue/3.35.0","x-ms-error-code":"QueueNotFound","x-ms-request-id":"78ad31c3-2a9a-4cc3-b6e9-41e013db0bdd","x-ms-version":"2025-11-05","content-type":"application/xml"}
2025-08-10T00:38:03.151Z b63cb10a-73ad-4558-99af-ae434cd7d261 info: QueueStorageContextMiddleware: RequestMethod=GET RequestURL=http://127.0.0.1/devstoreaccount1/publish-jobs?comp=metadata RequestHeaders:{"host":"127.0.0.1:10001","x-ms-version":"2025-05-05","accept":"application/xml","x-ms-client-request-id":"a8fcb86f-4cce-4d33-ab81-f5173acb4d8d","x-ms-return-client-request-id":"true","user-agent":"azsdk-net-Storage.Queues/12.22.0 (.NET 8.0.18; Ubuntu 25.04)","x-ms-date":"Sun, 10 Aug 2025 00:38:03 GMT","authorization":"SharedKey devstoreaccount1:qLyjLgutuzVqrJACghN/4VWVHDMabxLBcb/aHkIIIAg="} ClientIP=127.0.0.1 Protocol=http HTTPVersion=1.1
2025-08-10T00:38:03.151Z b63cb10a-73ad-4558-99af-ae434cd7d261 info: QueueStorageContextMiddleware: Account=devstoreaccount1 Queue=publish-jobs Message=undefined MessageId=undefined
2025-08-10T00:38:03.151Z b63cb10a-73ad-4558-99af-ae434cd7d261 verbose: DispatchMiddleware: Dispatching request...
2025-08-10T00:38:03.151Z b63cb10a-73ad-4558-99af-ae434cd7d261 info: DispatchMiddleware: Operation=Queue_GetProperties
2025-08-10T00:38:03.151Z b63cb10a-73ad-4558-99af-ae434cd7d261 verbose: AuthenticationMiddlewareFactory:createAuthenticationMiddleware() Validating authentications.
2025-08-10T00:38:03.151Z b63cb10a-73ad-4558-99af-ae434cd7d261 info: QueueSharedKeyAuthenticator:validate() Start validation against account shared key authentication.
2025-08-10T00:38:03.151Z b63cb10a-73ad-4558-99af-ae434cd7d261 info: QueueSharedKeyAuthenticator:validate() [STRING TO SIGN]:"GET\n\n\n\n\n\n\n\n\n\n\n\nx-ms-client-request-id:a8fcb86f-4cce-4d33-ab81-f5173acb4d8d\nx-ms-date:Sun, 10 Aug 2025 00:38:03 GMT\nx-ms-return-client-request-id:true\nx-ms-version:2025-05-05\n/devstoreaccount1/devstoreaccount1/publish-jobs\ncomp:metadata"
2025-08-10T00:38:03.151Z b63cb10a-73ad-4558-99af-ae434cd7d261 info: QueueSharedKeyAuthenticator:validate() Calculated authentication header based on key1: devstoreaccount1:qLyjLgutuzVqrJACghN/4VWVHDMabxLBcb/aHkIIIAg=
2025-08-10T00:38:03.151Z b63cb10a-73ad-4558-99af-ae434cd7d261 info: QueueSharedKeyAuthenticator:validate() Signature 1 matched.
2025-08-10T00:38:03.151Z b63cb10a-73ad-4558-99af-ae434cd7d261 verbose: DeserializerMiddleware: Start deserializing...
2025-08-10T00:38:03.151Z b63cb10a-73ad-4558-99af-ae434cd7d261 info: HandlerMiddleware: DeserializedParameters={"options":{"requestId":"a8fcb86f-4cce-4d33-ab81-f5173acb4d8d"},"comp":"metadata","version":"2025-05-05"}
2025-08-10T00:38:03.152Z b63cb10a-73ad-4558-99af-ae434cd7d261 error: ErrorMiddleware: Received a MiddlewareError, fill error information to HTTP response
2025-08-10T00:38:03.152Z b63cb10a-73ad-4558-99af-ae434cd7d261 error: ErrorMiddleware: ErrorName=StorageError ErrorMessage=The specified queue does not exist.  ErrorHTTPStatusCode=404 ErrorHTTPStatusMessage=The specified queue does not exist. ErrorHTTPHeaders={"x-ms-error-code":"QueueNotFound","x-ms-request-id":"b63cb10a-73ad-4558-99af-ae434cd7d261","x-ms-version":"2025-11-05"} ErrorHTTPBody="<?xml version=\"1.0\" encoding=\"UTF-8\" standalone=\"yes\"?>\n<Error>\n  <Code>QueueNotFound</Code>\n  <Message>The specified queue does not exist.\nRequestId:b63cb10a-73ad-4558-99af-ae434cd7d261\nTime:2025-08-10T00:38:03.151Z</Message>\n</Error>" ErrorStack="StorageError: The specified queue does not exist.\n    at StorageErrorFactory.getQueueNotFound (/home/ubuntu/.nvm/versions/node/v22.16.0/lib/node_modules/azurite/dist/src/queue/errors/StorageErrorFactory.js:110:16)\n    at LokiQueueMetadataStore.getQueue (/home/ubuntu/.nvm/versions/node/v22.16.0/lib/node_modules/azurite/dist/src/queue/persistence/LokiQueueMetadataStore.js:247:49)\n    at QueueHandler.getProperties (/home/ubuntu/.nvm/versions/node/v22.16.0/lib/node_modules/azurite/dist/src/queue/handlers/QueueHandler.js:81:48)\n    at /home/ubuntu/.nvm/versions/node/v22.16.0/lib/node_modules/azurite/dist/src/queue/generated/middleware/HandlerMiddlewareFactory.js:58:18\n    at /home/ubuntu/.nvm/versions/node/v22.16.0/lib/node_modules/azurite/dist/src/queue/generated/ExpressMiddlewareFactory.js:77:63\n    at Layer.handle [as handle_request] (/home/ubuntu/.nvm/versions/node/v22.16.0/lib/node_modules/azurite/node_modules/express/lib/router/layer.js:95:5)\n    at trim_prefix (/home/ubuntu/.nvm/versions/node/v22.16.0/lib/node_modules/azurite/node_modules/express/lib/router/index.js:328:13)\n    at /home/ubuntu/.nvm/versions/node/v22.16.0/lib/node_modules/azurite/node_modules/express/lib/router/index.js:286:9\n    at Function.process_params (/home/ubuntu/.nvm/versions/node/v22.16.0/lib/node_modules/azurite/node_modules/express/lib/router/index.js:346:12)\n    at next (/home/ubuntu/.nvm/versions/node/v22.16.0/lib/node_modules/azurite/node_modules/express/lib/router/index.js:280:10)"
2025-08-10T00:38:03.152Z b63cb10a-73ad-4558-99af-ae434cd7d261 error: ErrorMiddleware: Set HTTP code: 404
2025-08-10T00:38:03.152Z b63cb10a-73ad-4558-99af-ae434cd7d261 error: ErrorMiddleware: Set HTTP status message: The specified queue does not exist.
2025-08-10T00:38:03.152Z b63cb10a-73ad-4558-99af-ae434cd7d261 error: ErrorMiddleware: Set HTTP Header: x-ms-error-code=QueueNotFound
2025-08-10T00:38:03.152Z b63cb10a-73ad-4558-99af-ae434cd7d261 error: ErrorMiddleware: Set HTTP Header: x-ms-request-id=b63cb10a-73ad-4558-99af-ae434cd7d261
2025-08-10T00:38:03.152Z b63cb10a-73ad-4558-99af-ae434cd7d261 error: ErrorMiddleware: Set HTTP Header: x-ms-version=2025-11-05
2025-08-10T00:38:03.152Z b63cb10a-73ad-4558-99af-ae434cd7d261 error: ErrorMiddleware: Set content type: application/xml
2025-08-10T00:38:03.152Z b63cb10a-73ad-4558-99af-ae434cd7d261 error: ErrorMiddleware: Set HTTP body: "<?xml version=\"1.0\" encoding=\"UTF-8\" standalone=\"yes\"?>\n<Error>\n  <Code>QueueNotFound</Code>\n  <Message>The specified queue does not exist.\nRequestId:b63cb10a-73ad-4558-99af-ae434cd7d261\nTime:2025-08-10T00:38:03.151Z</Message>\n</Error>"
2025-08-10T00:38:03.152Z b63cb10a-73ad-4558-99af-ae434cd7d261 verbose: Send Queue telemetry: Q_Queue_GetProperties
2025-08-10T00:38:03.152Z b63cb10a-73ad-4558-99af-ae434cd7d261 info: EndMiddleware: End response. TotalTimeInMS=1 StatusCode=404 StatusMessage=The specified queue does not exist. Headers={"server":"Azurite-Queue/3.35.0","x-ms-error-code":"QueueNotFound","x-ms-request-id":"b63cb10a-73ad-4558-99af-ae434cd7d261","x-ms-version":"2025-11-05","content-type":"application/xml"}
2025-08-10T00:38:04.947Z 10a28192-1926-43d1-8edc-248e09a679e2 info: QueueStorageContextMiddleware: RequestMethod=GET RequestURL=http://127.0.0.1/devstoreaccount1/publish-jobs?comp=metadata RequestHeaders:{"host":"127.0.0.1:10001","x-ms-version":"2025-05-05","accept":"application/xml","x-ms-client-request-id":"28a9db62-709d-4edb-be15-3998a1323dd5","x-ms-return-client-request-id":"true","user-agent":"azsdk-net-Storage.Queues/12.22.0 (.NET 8.0.18; Ubuntu 25.04)","x-ms-date":"Sun, 10 Aug 2025 00:38:04 GMT","authorization":"SharedKey devstoreaccount1:5pluPPOefXuUD7yNt2yHjLlFR2dH2BNveKKE+RAHPJ4="} ClientIP=127.0.0.1 Protocol=http HTTPVersion=1.1
2025-08-10T00:38:04.947Z 10a28192-1926-43d1-8edc-248e09a679e2 info: QueueStorageContextMiddleware: Account=devstoreaccount1 Queue=publish-jobs Message=undefined MessageId=undefined
2025-08-10T00:38:04.947Z 10a28192-1926-43d1-8edc-248e09a679e2 verbose: DispatchMiddleware: Dispatching request...
2025-08-10T00:38:04.947Z 10a28192-1926-43d1-8edc-248e09a679e2 info: DispatchMiddleware: Operation=Queue_GetProperties
2025-08-10T00:38:04.947Z 10a28192-1926-43d1-8edc-248e09a679e2 verbose: AuthenticationMiddlewareFactory:createAuthenticationMiddleware() Validating authentications.
2025-08-10T00:38:04.947Z 10a28192-1926-43d1-8edc-248e09a679e2 info: QueueSharedKeyAuthenticator:validate() Start validation against account shared key authentication.
2025-08-10T00:38:04.947Z 10a28192-1926-43d1-8edc-248e09a679e2 info: QueueSharedKeyAuthenticator:validate() [STRING TO SIGN]:"GET\n\n\n\n\n\n\n\n\n\n\n\nx-ms-client-request-id:28a9db62-709d-4edb-be15-3998a1323dd5\nx-ms-date:Sun, 10 Aug 2025 00:38:04 GMT\nx-ms-return-client-request-id:true\nx-ms-version:2025-05-05\n/devstoreaccount1/devstoreaccount1/publish-jobs\ncomp:metadata"
2025-08-10T00:38:04.948Z 10a28192-1926-43d1-8edc-248e09a679e2 info: QueueSharedKeyAuthenticator:validate() Calculated authentication header based on key1: devstoreaccount1:5pluPPOefXuUD7yNt2yHjLlFR2dH2BNveKKE+RAHPJ4=
2025-08-10T00:38:04.948Z 10a28192-1926-43d1-8edc-248e09a679e2 info: QueueSharedKeyAuthenticator:validate() Signature 1 matched.
2025-08-10T00:38:04.948Z 10a28192-1926-43d1-8edc-248e09a679e2 verbose: DeserializerMiddleware: Start deserializing...
2025-08-10T00:38:04.948Z 10a28192-1926-43d1-8edc-248e09a679e2 info: HandlerMiddleware: DeserializedParameters={"options":{"requestId":"28a9db62-709d-4edb-be15-3998a1323dd5"},"comp":"metadata","version":"2025-05-05"}
2025-08-10T00:38:04.948Z 10a28192-1926-43d1-8edc-248e09a679e2 error: ErrorMiddleware: Received a MiddlewareError, fill error information to HTTP response
2025-08-10T00:38:04.948Z 10a28192-1926-43d1-8edc-248e09a679e2 error: ErrorMiddleware: ErrorName=StorageError ErrorMessage=The specified queue does not exist.  ErrorHTTPStatusCode=404 ErrorHTTPStatusMessage=The specified queue does not exist. ErrorHTTPHeaders={"x-ms-error-code":"QueueNotFound","x-ms-request-id":"10a28192-1926-43d1-8edc-248e09a679e2","x-ms-version":"2025-11-05"} ErrorHTTPBody="<?xml version=\"1.0\" encoding=\"UTF-8\" standalone=\"yes\"?>\n<Error>\n  <Code>QueueNotFound</Code>\n  <Message>The specified queue does not exist.\nRequestId:10a28192-1926-43d1-8edc-248e09a679e2\nTime:2025-08-10T00:38:04.948Z</Message>\n</Error>" ErrorStack="StorageError: The specified queue does not exist.\n    at StorageErrorFactory.getQueueNotFound (/home/ubuntu/.nvm/versions/node/v22.16.0/lib/node_modules/azurite/dist/src/queue/errors/StorageErrorFactory.js:110:16)\n    at LokiQueueMetadataStore.getQueue (/home/ubuntu/.nvm/versions/node/v22.16.0/lib/node_modules/azurite/dist/src/queue/persistence/LokiQueueMetadataStore.js:247:49)\n    at QueueHandler.getProperties (/home/ubuntu/.nvm/versions/node/v22.16.0/lib/node_modules/azurite/dist/src/queue/handlers/QueueHandler.js:81:48)\n    at /home/ubuntu/.nvm/versions/node/v22.16.0/lib/node_modules/azurite/dist/src/queue/generated/middleware/HandlerMiddlewareFactory.js:58:18\n    at /home/ubuntu/.nvm/versions/node/v22.16.0/lib/node_modules/azurite/dist/src/queue/generated/ExpressMiddlewareFactory.js:77:63\n    at Layer.handle [as handle_request] (/home/ubuntu/.nvm/versions/node/v22.16.0/lib/node_modules/azurite/node_modules/express/lib/router/layer.js:95:5)\n    at trim_prefix (/home/ubuntu/.nvm/versions/node/v22.16.0/lib/node_modules/azurite/node_modules/express/lib/router/index.js:328:13)\n    at /home/ubuntu/.nvm/versions/node/v22.16.0/lib/node_modules/azurite/node_modules/express/lib/router/index.js:286:9\n    at Function.process_params (/home/ubuntu/.nvm/versions/node/v22.16.0/lib/node_modules/azurite/node_modules/express/lib/router/index.js:346:12)\n    at next (/home/ubuntu/.nvm/versions/node/v22.16.0/lib/node_modules/azurite/node_modules/express/lib/router/index.js:280:10)"
2025-08-10T00:38:04.948Z 10a28192-1926-43d1-8edc-248e09a679e2 error: ErrorMiddleware: Set HTTP code: 404
2025-08-10T00:38:04.948Z 10a28192-1926-43d1-8edc-248e09a679e2 error: ErrorMiddleware: Set HTTP status message: The specified queue does not exist.
2025-08-10T00:38:04.948Z 10a28192-1926-43d1-8edc-248e09a679e2 error: ErrorMiddleware: Set HTTP Header: x-ms-error-code=QueueNotFound
2025-08-10T00:38:04.948Z 10a28192-1926-43d1-8edc-248e09a679e2 error: ErrorMiddleware: Set HTTP Header: x-ms-request-id=10a28192-1926-43d1-8edc-248e09a679e2
2025-08-10T00:38:04.948Z 10a28192-1926-43d1-8edc-248e09a679e2 error: ErrorMiddleware: Set HTTP Header: x-ms-version=2025-11-05
2025-08-10T00:38:04.948Z 10a28192-1926-43d1-8edc-248e09a679e2 error: ErrorMiddleware: Set content type: application/xml
2025-08-10T00:38:04.948Z 10a28192-1926-43d1-8edc-248e09a679e2 error: ErrorMiddleware: Set HTTP body: "<?xml version=\"1.0\" encoding=\"UTF-8\" standalone=\"yes\"?>\n<Error>\n  <Code>QueueNotFound</Code>\n  <Message>The specified queue does not exist.\nRequestId:10a28192-1926-43d1-8edc-248e09a679e2\nTime:2025-08-10T00:38:04.948Z</Message>\n</Error>"
2025-08-10T00:38:04.948Z 10a28192-1926-43d1-8edc-248e09a679e2 verbose: Send Queue telemetry: Q_Queue_GetProperties
2025-08-10T00:38:04.948Z 10a28192-1926-43d1-8edc-248e09a679e2 info: EndMiddleware: End response. TotalTimeInMS=1 StatusCode=404 StatusMessage=The specified queue does not exist. Headers={"server":"Azurite-Queue/3.35.0","x-ms-error-code":"QueueNotFound","x-ms-request-id":"10a28192-1926-43d1-8edc-248e09a679e2","x-ms-version":"2025-11-05","content-type":"application/xml"}
2025-08-10T00:38:05.852Z f4fe3f4d-6d14-435f-bf5e-c6120716d79b info: BlobStorageContextMiddleware: RequestMethod=PUT RequestURL=http://127.0.0.1/devstoreaccount1/azure-webjobs-hosts/locks/cursor-285539928/host?comp=lease RequestHeaders:{"host":"127.0.0.1:10000","x-ms-lease-action":"renew","x-ms-lease-id":"0000000000000000000000007045662D","x-ms-version":"2024-08-04","accept":"application/xml","x-ms-client-request-id":"d309a887-2e66-45ba-96a0-44f6e6e5b2c6","x-ms-return-client-request-id":"true","user-agent":"azsdk-net-Storage.Blobs/12.21.2 (.NET 8.0.18; Ubuntu 25.04)","x-ms-date":"Sun, 10 Aug 2025 00:38:05 GMT","authorization":"SharedKey devstoreaccount1:egAm8cWwBoKO+NBgz2QlLUUrKSlUAFOvrtAILpLABWM=","content-length":"0"} ClientIP=127.0.0.1 Protocol=http HTTPVersion=1.1
2025-08-10T00:38:05.852Z f4fe3f4d-6d14-435f-bf5e-c6120716d79b info: BlobStorageContextMiddleware: Account=devstoreaccount1 Container=azure-webjobs-hosts Blob=locks/cursor-285539928/host
2025-08-10T00:38:05.852Z f4fe3f4d-6d14-435f-bf5e-c6120716d79b verbose: DispatchMiddleware: Dispatching request...
2025-08-10T00:38:05.852Z f4fe3f4d-6d14-435f-bf5e-c6120716d79b info: DispatchMiddleware: Operation=Blob_RenewLease
2025-08-10T00:38:05.852Z f4fe3f4d-6d14-435f-bf5e-c6120716d79b verbose: AuthenticationMiddlewareFactory:createAuthenticationMiddleware() Validating authentications.
2025-08-10T00:38:05.852Z f4fe3f4d-6d14-435f-bf5e-c6120716d79b info: PublicAccessAuthenticator:validate() Start validation against public access.
2025-08-10T00:38:05.852Z f4fe3f4d-6d14-435f-bf5e-c6120716d79b debug: PublicAccessAuthenticator:validate() Getting account properties...
2025-08-10T00:38:05.852Z f4fe3f4d-6d14-435f-bf5e-c6120716d79b debug: PublicAccessAuthenticator:validate() Retrieved account name from context: devstoreaccount1, container: azure-webjobs-hosts, blob: locks/cursor-285539928/host
2025-08-10T00:38:05.853Z f4fe3f4d-6d14-435f-bf5e-c6120716d79b debug: PublicAccessAuthenticator:validate() Skip public access authentication. Cannot get public access type for container azure-webjobs-hosts
2025-08-10T00:38:05.853Z f4fe3f4d-6d14-435f-bf5e-c6120716d79b info: BlobSharedKeyAuthenticator:validate() Start validation against account shared key authentication.
2025-08-10T00:38:05.853Z f4fe3f4d-6d14-435f-bf5e-c6120716d79b info: BlobSharedKeyAuthenticator:validate() [STRING TO SIGN]:"PUT\n\n\n\n\n\n\n\n\n\n\n\nx-ms-client-request-id:d309a887-2e66-45ba-96a0-44f6e6e5b2c6\nx-ms-date:Sun, 10 Aug 2025 00:38:05 GMT\nx-ms-lease-action:renew\nx-ms-lease-id:0000000000000000000000007045662D\nx-ms-return-client-request-id:true\nx-ms-version:2024-08-04\n/devstoreaccount1/devstoreaccount1/azure-webjobs-hosts/locks/cursor-285539928/host\ncomp:lease"
2025-08-10T00:38:05.853Z f4fe3f4d-6d14-435f-bf5e-c6120716d79b info: BlobSharedKeyAuthenticator:validate() Calculated authentication header based on key1: SharedKey devstoreaccount1:egAm8cWwBoKO+NBgz2QlLUUrKSlUAFOvrtAILpLABWM=
2025-08-10T00:38:05.853Z f4fe3f4d-6d14-435f-bf5e-c6120716d79b info: BlobSharedKeyAuthenticator:validate() Signature 1 matched.
2025-08-10T00:38:05.853Z f4fe3f4d-6d14-435f-bf5e-c6120716d79b verbose: DeserializerMiddleware: Start deserializing...
2025-08-10T00:38:05.853Z f4fe3f4d-6d14-435f-bf5e-c6120716d79b info: HandlerMiddleware: DeserializedParameters={"options":{"requestId":"d309a887-2e66-45ba-96a0-44f6e6e5b2c6","modifiedAccessConditions":{}},"comp":"lease","leaseId":"0000000000000000000000007045662D","version":"2024-08-04","action":"renew"}
2025-08-10T00:38:05.853Z f4fe3f4d-6d14-435f-bf5e-c6120716d79b verbose: SerializerMiddleware: Start serializing...
2025-08-10T00:38:05.854Z f4fe3f4d-6d14-435f-bf5e-c6120716d79b verbose: Send Blob telemetry: B_Blob_RenewLease
2025-08-10T00:38:05.854Z f4fe3f4d-6d14-435f-bf5e-c6120716d79b info: EndMiddleware: End response. TotalTimeInMS=2 StatusCode=200 StatusMessage=undefined Headers={"server":"Azurite-Blob/3.35.0","etag":"\"0x201825B0AFAF8C0\"","last-modified":"Sun, 10 Aug 2025 00:37:53 GMT","x-ms-lease-id":"0000000000000000000000007045662D","x-ms-client-request-id":"d309a887-2e66-45ba-96a0-44f6e6e5b2c6","x-ms-request-id":"f4fe3f4d-6d14-435f-bf5e-c6120716d79b","x-ms-version":"2025-11-05","date":"Sun, 10 Aug 2025 00:38:05 GMT"}
2025-08-10T00:38:06.948Z 62a886dc-111d-4336-97c1-079adc99a80f info: QueueStorageContextMiddleware: RequestMethod=GET RequestURL=http://127.0.0.1/devstoreaccount1/publish-jobs?comp=metadata RequestHeaders:{"host":"127.0.0.1:10001","x-ms-version":"2025-05-05","accept":"application/xml","x-ms-client-request-id":"1ebff4e5-b9b3-42ec-a64a-272050c07138","x-ms-return-client-request-id":"true","user-agent":"azsdk-net-Storage.Queues/12.22.0 (.NET 8.0.18; Ubuntu 25.04)","x-ms-date":"Sun, 10 Aug 2025 00:38:06 GMT","authorization":"SharedKey devstoreaccount1:p1BdHY3KIV1JDTyNBA4ZMuz64SCemour+JuPS80bdWg="} ClientIP=127.0.0.1 Protocol=http HTTPVersion=1.1
2025-08-10T00:38:06.948Z 62a886dc-111d-4336-97c1-079adc99a80f info: QueueStorageContextMiddleware: Account=devstoreaccount1 Queue=publish-jobs Message=undefined MessageId=undefined
2025-08-10T00:38:06.948Z 62a886dc-111d-4336-97c1-079adc99a80f verbose: DispatchMiddleware: Dispatching request...
2025-08-10T00:38:06.948Z 62a886dc-111d-4336-97c1-079adc99a80f info: DispatchMiddleware: Operation=Queue_GetProperties
2025-08-10T00:38:06.948Z 62a886dc-111d-4336-97c1-079adc99a80f verbose: AuthenticationMiddlewareFactory:createAuthenticationMiddleware() Validating authentications.
2025-08-10T00:38:06.948Z 62a886dc-111d-4336-97c1-079adc99a80f info: QueueSharedKeyAuthenticator:validate() Start validation against account shared key authentication.
2025-08-10T00:38:06.949Z 62a886dc-111d-4336-97c1-079adc99a80f info: QueueSharedKeyAuthenticator:validate() [STRING TO SIGN]:"GET\n\n\n\n\n\n\n\n\n\n\n\nx-ms-client-request-id:1ebff4e5-b9b3-42ec-a64a-272050c07138\nx-ms-date:Sun, 10 Aug 2025 00:38:06 GMT\nx-ms-return-client-request-id:true\nx-ms-version:2025-05-05\n/devstoreaccount1/devstoreaccount1/publish-jobs\ncomp:metadata"
2025-08-10T00:38:06.949Z 62a886dc-111d-4336-97c1-079adc99a80f info: QueueSharedKeyAuthenticator:validate() Calculated authentication header based on key1: devstoreaccount1:p1BdHY3KIV1JDTyNBA4ZMuz64SCemour+JuPS80bdWg=
2025-08-10T00:38:06.949Z 62a886dc-111d-4336-97c1-079adc99a80f info: QueueSharedKeyAuthenticator:validate() Signature 1 matched.
2025-08-10T00:38:06.949Z 62a886dc-111d-4336-97c1-079adc99a80f verbose: DeserializerMiddleware: Start deserializing...
2025-08-10T00:38:06.949Z 62a886dc-111d-4336-97c1-079adc99a80f info: HandlerMiddleware: DeserializedParameters={"options":{"requestId":"1ebff4e5-b9b3-42ec-a64a-272050c07138"},"comp":"metadata","version":"2025-05-05"}
2025-08-10T00:38:06.949Z 62a886dc-111d-4336-97c1-079adc99a80f error: ErrorMiddleware: Received a MiddlewareError, fill error information to HTTP response
2025-08-10T00:38:06.949Z 62a886dc-111d-4336-97c1-079adc99a80f error: ErrorMiddleware: ErrorName=StorageError ErrorMessage=The specified queue does not exist.  ErrorHTTPStatusCode=404 ErrorHTTPStatusMessage=The specified queue does not exist. ErrorHTTPHeaders={"x-ms-error-code":"QueueNotFound","x-ms-request-id":"62a886dc-111d-4336-97c1-079adc99a80f","x-ms-version":"2025-11-05"} ErrorHTTPBody="<?xml version=\"1.0\" encoding=\"UTF-8\" standalone=\"yes\"?>\n<Error>\n  <Code>QueueNotFound</Code>\n  <Message>The specified queue does not exist.\nRequestId:62a886dc-111d-4336-97c1-079adc99a80f\nTime:2025-08-10T00:38:06.949Z</Message>\n</Error>" ErrorStack="StorageError: The specified queue does not exist.\n    at StorageErrorFactory.getQueueNotFound (/home/ubuntu/.nvm/versions/node/v22.16.0/lib/node_modules/azurite/dist/src/queue/errors/StorageErrorFactory.js:110:16)\n    at LokiQueueMetadataStore.getQueue (/home/ubuntu/.nvm/versions/node/v22.16.0/lib/node_modules/azurite/dist/src/queue/persistence/LokiQueueMetadataStore.js:247:49)\n    at QueueHandler.getProperties (/home/ubuntu/.nvm/versions/node/v22.16.0/lib/node_modules/azurite/dist/src/queue/handlers/QueueHandler.js:81:48)\n    at /home/ubuntu/.nvm/versions/node/v22.16.0/lib/node_modules/azurite/dist/src/queue/generated/middleware/HandlerMiddlewareFactory.js:58:18\n    at /home/ubuntu/.nvm/versions/node/v22.16.0/lib/node_modules/azurite/dist/src/queue/generated/ExpressMiddlewareFactory.js:77:63\n    at Layer.handle [as handle_request] (/home/ubuntu/.nvm/versions/node/v22.16.0/lib/node_modules/azurite/node_modules/express/lib/router/layer.js:95:5)\n    at trim_prefix (/home/ubuntu/.nvm/versions/node/v22.16.0/lib/node_modules/azurite/node_modules/express/lib/router/index.js:328:13)\n    at /home/ubuntu/.nvm/versions/node/v22.16.0/lib/node_modules/azurite/node_modules/express/lib/router/index.js:286:9\n    at Function.process_params (/home/ubuntu/.nvm/versions/node/v22.16.0/lib/node_modules/azurite/node_modules/express/lib/router/index.js:346:12)\n    at next (/home/ubuntu/.nvm/versions/node/v22.16.0/lib/node_modules/azurite/node_modules/express/lib/router/index.js:280:10)"
2025-08-10T00:38:06.949Z 62a886dc-111d-4336-97c1-079adc99a80f error: ErrorMiddleware: Set HTTP code: 404
2025-08-10T00:38:06.949Z 62a886dc-111d-4336-97c1-079adc99a80f error: ErrorMiddleware: Set HTTP status message: The specified queue does not exist.
2025-08-10T00:38:06.949Z 62a886dc-111d-4336-97c1-079adc99a80f error: ErrorMiddleware: Set HTTP Header: x-ms-error-code=QueueNotFound
2025-08-10T00:38:06.949Z 62a886dc-111d-4336-97c1-079adc99a80f error: ErrorMiddleware: Set HTTP Header: x-ms-request-id=62a886dc-111d-4336-97c1-079adc99a80f
2025-08-10T00:38:06.949Z 62a886dc-111d-4336-97c1-079adc99a80f error: ErrorMiddleware: Set HTTP Header: x-ms-version=2025-11-05
2025-08-10T00:38:06.949Z 62a886dc-111d-4336-97c1-079adc99a80f error: ErrorMiddleware: Set content type: application/xml
2025-08-10T00:38:06.949Z 62a886dc-111d-4336-97c1-079adc99a80f error: ErrorMiddleware: Set HTTP body: "<?xml version=\"1.0\" encoding=\"UTF-8\" standalone=\"yes\"?>\n<Error>\n  <Code>QueueNotFound</Code>\n  <Message>The specified queue does not exist.\nRequestId:62a886dc-111d-4336-97c1-079adc99a80f\nTime:2025-08-10T00:38:06.949Z</Message>\n</Error>"
2025-08-10T00:38:06.949Z 62a886dc-111d-4336-97c1-079adc99a80f verbose: Send Queue telemetry: Q_Queue_GetProperties
2025-08-10T00:38:06.949Z 62a886dc-111d-4336-97c1-079adc99a80f info: EndMiddleware: End response. TotalTimeInMS=1 StatusCode=404 StatusMessage=The specified queue does not exist. Headers={"server":"Azurite-Queue/3.35.0","x-ms-error-code":"QueueNotFound","x-ms-request-id":"62a886dc-111d-4336-97c1-079adc99a80f","x-ms-version":"2025-11-05","content-type":"application/xml"}
2025-08-10T00:38:08.953Z 5ce96129-838f-490c-b346-85f251077e14 info: QueueStorageContextMiddleware: RequestMethod=GET RequestURL=http://127.0.0.1/devstoreaccount1/publish-jobs?comp=metadata RequestHeaders:{"host":"127.0.0.1:10001","x-ms-version":"2025-05-05","accept":"application/xml","x-ms-client-request-id":"1faca0da-9815-4ac8-927d-470ff4a8a0f2","x-ms-return-client-request-id":"true","user-agent":"azsdk-net-Storage.Queues/12.22.0 (.NET 8.0.18; Ubuntu 25.04)","x-ms-date":"Sun, 10 Aug 2025 00:38:08 GMT","authorization":"SharedKey devstoreaccount1:VU3U2m4wB47wrpSoyznFTUvboK7xly8tq+vMGagaZQ8="} ClientIP=127.0.0.1 Protocol=http HTTPVersion=1.1
2025-08-10T00:38:08.953Z 5ce96129-838f-490c-b346-85f251077e14 info: QueueStorageContextMiddleware: Account=devstoreaccount1 Queue=publish-jobs Message=undefined MessageId=undefined
2025-08-10T00:38:08.953Z 5ce96129-838f-490c-b346-85f251077e14 verbose: DispatchMiddleware: Dispatching request...
2025-08-10T00:38:08.953Z 5ce96129-838f-490c-b346-85f251077e14 info: DispatchMiddleware: Operation=Queue_GetProperties
2025-08-10T00:38:08.953Z 5ce96129-838f-490c-b346-85f251077e14 verbose: AuthenticationMiddlewareFactory:createAuthenticationMiddleware() Validating authentications.
2025-08-10T00:38:08.954Z 5ce96129-838f-490c-b346-85f251077e14 info: QueueSharedKeyAuthenticator:validate() Start validation against account shared key authentication.
2025-08-10T00:38:08.954Z 5ce96129-838f-490c-b346-85f251077e14 info: QueueSharedKeyAuthenticator:validate() [STRING TO SIGN]:"GET\n\n\n\n\n\n\n\n\n\n\n\nx-ms-client-request-id:1faca0da-9815-4ac8-927d-470ff4a8a0f2\nx-ms-date:Sun, 10 Aug 2025 00:38:08 GMT\nx-ms-return-client-request-id:true\nx-ms-version:2025-05-05\n/devstoreaccount1/devstoreaccount1/publish-jobs\ncomp:metadata"
2025-08-10T00:38:08.954Z 5ce96129-838f-490c-b346-85f251077e14 info: QueueSharedKeyAuthenticator:validate() Calculated authentication header based on key1: devstoreaccount1:VU3U2m4wB47wrpSoyznFTUvboK7xly8tq+vMGagaZQ8=
2025-08-10T00:38:08.954Z 5ce96129-838f-490c-b346-85f251077e14 info: QueueSharedKeyAuthenticator:validate() Signature 1 matched.
2025-08-10T00:38:08.954Z 5ce96129-838f-490c-b346-85f251077e14 verbose: DeserializerMiddleware: Start deserializing...
2025-08-10T00:38:08.954Z 5ce96129-838f-490c-b346-85f251077e14 info: HandlerMiddleware: DeserializedParameters={"options":{"requestId":"1faca0da-9815-4ac8-927d-470ff4a8a0f2"},"comp":"metadata","version":"2025-05-05"}
2025-08-10T00:38:08.955Z 5ce96129-838f-490c-b346-85f251077e14 error: ErrorMiddleware: Received a MiddlewareError, fill error information to HTTP response
2025-08-10T00:38:08.955Z 5ce96129-838f-490c-b346-85f251077e14 error: ErrorMiddleware: ErrorName=StorageError ErrorMessage=The specified queue does not exist.  ErrorHTTPStatusCode=404 ErrorHTTPStatusMessage=The specified queue does not exist. ErrorHTTPHeaders={"x-ms-error-code":"QueueNotFound","x-ms-request-id":"5ce96129-838f-490c-b346-85f251077e14","x-ms-version":"2025-11-05"} ErrorHTTPBody="<?xml version=\"1.0\" encoding=\"UTF-8\" standalone=\"yes\"?>\n<Error>\n  <Code>QueueNotFound</Code>\n  <Message>The specified queue does not exist.\nRequestId:5ce96129-838f-490c-b346-85f251077e14\nTime:2025-08-10T00:38:08.955Z</Message>\n</Error>" ErrorStack="StorageError: The specified queue does not exist.\n    at StorageErrorFactory.getQueueNotFound (/home/ubuntu/.nvm/versions/node/v22.16.0/lib/node_modules/azurite/dist/src/queue/errors/StorageErrorFactory.js:110:16)\n    at LokiQueueMetadataStore.getQueue (/home/ubuntu/.nvm/versions/node/v22.16.0/lib/node_modules/azurite/dist/src/queue/persistence/LokiQueueMetadataStore.js:247:49)\n    at QueueHandler.getProperties (/home/ubuntu/.nvm/versions/node/v22.16.0/lib/node_modules/azurite/dist/src/queue/handlers/QueueHandler.js:81:48)\n    at /home/ubuntu/.nvm/versions/node/v22.16.0/lib/node_modules/azurite/dist/src/queue/generated/middleware/HandlerMiddlewareFactory.js:58:18\n    at /home/ubuntu/.nvm/versions/node/v22.16.0/lib/node_modules/azurite/dist/src/queue/generated/ExpressMiddlewareFactory.js:77:63\n    at Layer.handle [as handle_request] (/home/ubuntu/.nvm/versions/node/v22.16.0/lib/node_modules/azurite/node_modules/express/lib/router/layer.js:95:5)\n    at trim_prefix (/home/ubuntu/.nvm/versions/node/v22.16.0/lib/node_modules/azurite/node_modules/express/lib/router/index.js:328:13)\n    at /home/ubuntu/.nvm/versions/node/v22.16.0/lib/node_modules/azurite/node_modules/express/lib/router/index.js:286:9\n    at Function.process_params (/home/ubuntu/.nvm/versions/node/v22.16.0/lib/node_modules/azurite/node_modules/express/lib/router/index.js:346:12)\n    at next (/home/ubuntu/.nvm/versions/node/v22.16.0/lib/node_modules/azurite/node_modules/express/lib/router/index.js:280:10)"
2025-08-10T00:38:08.955Z 5ce96129-838f-490c-b346-85f251077e14 error: ErrorMiddleware: Set HTTP code: 404
2025-08-10T00:38:08.955Z 5ce96129-838f-490c-b346-85f251077e14 error: ErrorMiddleware: Set HTTP status message: The specified queue does not exist.
2025-08-10T00:38:08.955Z 5ce96129-838f-490c-b346-85f251077e14 error: ErrorMiddleware: Set HTTP Header: x-ms-error-code=QueueNotFound
2025-08-10T00:38:08.955Z 5ce96129-838f-490c-b346-85f251077e14 error: ErrorMiddleware: Set HTTP Header: x-ms-request-id=5ce96129-838f-490c-b346-85f251077e14
2025-08-10T00:38:08.955Z 5ce96129-838f-490c-b346-85f251077e14 error: ErrorMiddleware: Set HTTP Header: x-ms-version=2025-11-05
2025-08-10T00:38:08.955Z 5ce96129-838f-490c-b346-85f251077e14 error: ErrorMiddleware: Set content type: application/xml
2025-08-10T00:38:08.955Z 5ce96129-838f-490c-b346-85f251077e14 error: ErrorMiddleware: Set HTTP body: "<?xml version=\"1.0\" encoding=\"UTF-8\" standalone=\"yes\"?>\n<Error>\n  <Code>QueueNotFound</Code>\n  <Message>The specified queue does not exist.\nRequestId:5ce96129-838f-490c-b346-85f251077e14\nTime:2025-08-10T00:38:08.955Z</Message>\n</Error>"
2025-08-10T00:38:08.956Z 5ce96129-838f-490c-b346-85f251077e14 verbose: Send Queue telemetry: Q_Queue_GetProperties
2025-08-10T00:38:08.956Z 5ce96129-838f-490c-b346-85f251077e14 info: EndMiddleware: End response. TotalTimeInMS=3 StatusCode=404 StatusMessage=The specified queue does not exist. Headers={"server":"Azurite-Queue/3.35.0","x-ms-error-code":"QueueNotFound","x-ms-request-id":"5ce96129-838f-490c-b346-85f251077e14","x-ms-version":"2025-11-05","content-type":"application/xml"}
2025-08-10T00:38:10.956Z fc9aee17-06cf-4542-900e-28c68177593f info: QueueStorageContextMiddleware: RequestMethod=GET RequestURL=http://127.0.0.1/devstoreaccount1/publish-jobs?comp=metadata RequestHeaders:{"host":"127.0.0.1:10001","x-ms-version":"2025-05-05","accept":"application/xml","x-ms-client-request-id":"b4ba41f0-1700-4283-a9fb-93c38c0496e8","x-ms-return-client-request-id":"true","user-agent":"azsdk-net-Storage.Queues/12.22.0 (.NET 8.0.18; Ubuntu 25.04)","x-ms-date":"Sun, 10 Aug 2025 00:38:10 GMT","authorization":"SharedKey devstoreaccount1:KZObDleKTOMqLhowaanPYX7lKPjOb9N3TVCk+ssYINA="} ClientIP=127.0.0.1 Protocol=http HTTPVersion=1.1
2025-08-10T00:38:10.957Z fc9aee17-06cf-4542-900e-28c68177593f info: QueueStorageContextMiddleware: Account=devstoreaccount1 Queue=publish-jobs Message=undefined MessageId=undefined
2025-08-10T00:38:10.957Z fc9aee17-06cf-4542-900e-28c68177593f verbose: DispatchMiddleware: Dispatching request...
2025-08-10T00:38:10.957Z fc9aee17-06cf-4542-900e-28c68177593f info: DispatchMiddleware: Operation=Queue_GetProperties
2025-08-10T00:38:10.957Z fc9aee17-06cf-4542-900e-28c68177593f verbose: AuthenticationMiddlewareFactory:createAuthenticationMiddleware() Validating authentications.
2025-08-10T00:38:10.957Z fc9aee17-06cf-4542-900e-28c68177593f info: QueueSharedKeyAuthenticator:validate() Start validation against account shared key authentication.
2025-08-10T00:38:10.957Z fc9aee17-06cf-4542-900e-28c68177593f info: QueueSharedKeyAuthenticator:validate() [STRING TO SIGN]:"GET\n\n\n\n\n\n\n\n\n\n\n\nx-ms-client-request-id:b4ba41f0-1700-4283-a9fb-93c38c0496e8\nx-ms-date:Sun, 10 Aug 2025 00:38:10 GMT\nx-ms-return-client-request-id:true\nx-ms-version:2025-05-05\n/devstoreaccount1/devstoreaccount1/publish-jobs\ncomp:metadata"
2025-08-10T00:38:10.957Z fc9aee17-06cf-4542-900e-28c68177593f info: QueueSharedKeyAuthenticator:validate() Calculated authentication header based on key1: devstoreaccount1:KZObDleKTOMqLhowaanPYX7lKPjOb9N3TVCk+ssYINA=
2025-08-10T00:38:10.957Z fc9aee17-06cf-4542-900e-28c68177593f info: QueueSharedKeyAuthenticator:validate() Signature 1 matched.
2025-08-10T00:38:10.957Z fc9aee17-06cf-4542-900e-28c68177593f verbose: DeserializerMiddleware: Start deserializing...
2025-08-10T00:38:10.957Z fc9aee17-06cf-4542-900e-28c68177593f info: HandlerMiddleware: DeserializedParameters={"options":{"requestId":"b4ba41f0-1700-4283-a9fb-93c38c0496e8"},"comp":"metadata","version":"2025-05-05"}
2025-08-10T00:38:10.958Z fc9aee17-06cf-4542-900e-28c68177593f error: ErrorMiddleware: Received a MiddlewareError, fill error information to HTTP response
2025-08-10T00:38:10.958Z fc9aee17-06cf-4542-900e-28c68177593f error: ErrorMiddleware: ErrorName=StorageError ErrorMessage=The specified queue does not exist.  ErrorHTTPStatusCode=404 ErrorHTTPStatusMessage=The specified queue does not exist. ErrorHTTPHeaders={"x-ms-error-code":"QueueNotFound","x-ms-request-id":"fc9aee17-06cf-4542-900e-28c68177593f","x-ms-version":"2025-11-05"} ErrorHTTPBody="<?xml version=\"1.0\" encoding=\"UTF-8\" standalone=\"yes\"?>\n<Error>\n  <Code>QueueNotFound</Code>\n  <Message>The specified queue does not exist.\nRequestId:fc9aee17-06cf-4542-900e-28c68177593f\nTime:2025-08-10T00:38:10.957Z</Message>\n</Error>" ErrorStack="StorageError: The specified queue does not exist.\n    at StorageErrorFactory.getQueueNotFound (/home/ubuntu/.nvm/versions/node/v22.16.0/lib/node_modules/azurite/dist/src/queue/errors/StorageErrorFactory.js:110:16)\n    at LokiQueueMetadataStore.getQueue (/home/ubuntu/.nvm/versions/node/v22.16.0/lib/node_modules/azurite/dist/src/queue/persistence/LokiQueueMetadataStore.js:247:49)\n    at QueueHandler.getProperties (/home/ubuntu/.nvm/versions/node/v22.16.0/lib/node_modules/azurite/dist/src/queue/handlers/QueueHandler.js:81:48)\n    at /home/ubuntu/.nvm/versions/node/v22.16.0/lib/node_modules/azurite/dist/src/queue/generated/middleware/HandlerMiddlewareFactory.js:58:18\n    at /home/ubuntu/.nvm/versions/node/v22.16.0/lib/node_modules/azurite/dist/src/queue/generated/ExpressMiddlewareFactory.js:77:63\n    at Layer.handle [as handle_request] (/home/ubuntu/.nvm/versions/node/v22.16.0/lib/node_modules/azurite/node_modules/express/lib/router/layer.js:95:5)\n    at trim_prefix (/home/ubuntu/.nvm/versions/node/v22.16.0/lib/node_modules/azurite/node_modules/express/lib/router/index.js:328:13)\n    at /home/ubuntu/.nvm/versions/node/v22.16.0/lib/node_modules/azurite/node_modules/express/lib/router/index.js:286:9\n    at Function.process_params (/home/ubuntu/.nvm/versions/node/v22.16.0/lib/node_modules/azurite/node_modules/express/lib/router/index.js:346:12)\n    at next (/home/ubuntu/.nvm/versions/node/v22.16.0/lib/node_modules/azurite/node_modules/express/lib/router/index.js:280:10)"
2025-08-10T00:38:10.958Z fc9aee17-06cf-4542-900e-28c68177593f error: ErrorMiddleware: Set HTTP code: 404
2025-08-10T00:38:10.958Z fc9aee17-06cf-4542-900e-28c68177593f error: ErrorMiddleware: Set HTTP status message: The specified queue does not exist.
2025-08-10T00:38:10.958Z fc9aee17-06cf-4542-900e-28c68177593f error: ErrorMiddleware: Set HTTP Header: x-ms-error-code=QueueNotFound
2025-08-10T00:38:10.958Z fc9aee17-06cf-4542-900e-28c68177593f error: ErrorMiddleware: Set HTTP Header: x-ms-request-id=fc9aee17-06cf-4542-900e-28c68177593f
2025-08-10T00:38:10.958Z fc9aee17-06cf-4542-900e-28c68177593f error: ErrorMiddleware: Set HTTP Header: x-ms-version=2025-11-05
2025-08-10T00:38:10.958Z fc9aee17-06cf-4542-900e-28c68177593f error: ErrorMiddleware: Set content type: application/xml
2025-08-10T00:38:10.958Z fc9aee17-06cf-4542-900e-28c68177593f error: ErrorMiddleware: Set HTTP body: "<?xml version=\"1.0\" encoding=\"UTF-8\" standalone=\"yes\"?>\n<Error>\n  <Code>QueueNotFound</Code>\n  <Message>The specified queue does not exist.\nRequestId:fc9aee17-06cf-4542-900e-28c68177593f\nTime:2025-08-10T00:38:10.957Z</Message>\n</Error>"
2025-08-10T00:38:10.958Z fc9aee17-06cf-4542-900e-28c68177593f verbose: Send Queue telemetry: Q_Queue_GetProperties
2025-08-10T00:38:10.958Z fc9aee17-06cf-4542-900e-28c68177593f info: EndMiddleware: End response. TotalTimeInMS=2 StatusCode=404 StatusMessage=The specified queue does not exist. Headers={"server":"Azurite-Queue/3.35.0","x-ms-error-code":"QueueNotFound","x-ms-request-id":"fc9aee17-06cf-4542-900e-28c68177593f","x-ms-version":"2025-11-05","content-type":"application/xml"}
2025-08-10T00:38:12.961Z d24aa431-028a-4445-a01b-9e23c69e346d info: QueueStorageContextMiddleware: RequestMethod=GET RequestURL=http://127.0.0.1/devstoreaccount1/publish-jobs?comp=metadata RequestHeaders:{"host":"127.0.0.1:10001","x-ms-version":"2025-05-05","accept":"application/xml","x-ms-client-request-id":"48efb320-1a4e-4aa3-8e3c-1d01eb2cc090","x-ms-return-client-request-id":"true","user-agent":"azsdk-net-Storage.Queues/12.22.0 (.NET 8.0.18; Ubuntu 25.04)","x-ms-date":"Sun, 10 Aug 2025 00:38:12 GMT","authorization":"SharedKey devstoreaccount1:qUaPe4K16ybJHHbnnSgFIM0hmahtfTTgBKx91FdgNbU="} ClientIP=127.0.0.1 Protocol=http HTTPVersion=1.1
2025-08-10T00:38:12.961Z d24aa431-028a-4445-a01b-9e23c69e346d info: QueueStorageContextMiddleware: Account=devstoreaccount1 Queue=publish-jobs Message=undefined MessageId=undefined
2025-08-10T00:38:12.961Z d24aa431-028a-4445-a01b-9e23c69e346d verbose: DispatchMiddleware: Dispatching request...
2025-08-10T00:38:12.961Z d24aa431-028a-4445-a01b-9e23c69e346d info: DispatchMiddleware: Operation=Queue_GetProperties
2025-08-10T00:38:12.961Z d24aa431-028a-4445-a01b-9e23c69e346d verbose: AuthenticationMiddlewareFactory:createAuthenticationMiddleware() Validating authentications.
2025-08-10T00:38:12.961Z d24aa431-028a-4445-a01b-9e23c69e346d info: QueueSharedKeyAuthenticator:validate() Start validation against account shared key authentication.
2025-08-10T00:38:12.961Z d24aa431-028a-4445-a01b-9e23c69e346d info: QueueSharedKeyAuthenticator:validate() [STRING TO SIGN]:"GET\n\n\n\n\n\n\n\n\n\n\n\nx-ms-client-request-id:48efb320-1a4e-4aa3-8e3c-1d01eb2cc090\nx-ms-date:Sun, 10 Aug 2025 00:38:12 GMT\nx-ms-return-client-request-id:true\nx-ms-version:2025-05-05\n/devstoreaccount1/devstoreaccount1/publish-jobs\ncomp:metadata"
2025-08-10T00:38:12.961Z d24aa431-028a-4445-a01b-9e23c69e346d info: QueueSharedKeyAuthenticator:validate() Calculated authentication header based on key1: devstoreaccount1:qUaPe4K16ybJHHbnnSgFIM0hmahtfTTgBKx91FdgNbU=
2025-08-10T00:38:12.961Z d24aa431-028a-4445-a01b-9e23c69e346d info: QueueSharedKeyAuthenticator:validate() Signature 1 matched.
2025-08-10T00:38:12.961Z d24aa431-028a-4445-a01b-9e23c69e346d verbose: DeserializerMiddleware: Start deserializing...
2025-08-10T00:38:12.961Z d24aa431-028a-4445-a01b-9e23c69e346d info: HandlerMiddleware: DeserializedParameters={"options":{"requestId":"48efb320-1a4e-4aa3-8e3c-1d01eb2cc090"},"comp":"metadata","version":"2025-05-05"}
2025-08-10T00:38:12.962Z d24aa431-028a-4445-a01b-9e23c69e346d error: ErrorMiddleware: Received a MiddlewareError, fill error information to HTTP response
2025-08-10T00:38:12.962Z d24aa431-028a-4445-a01b-9e23c69e346d error: ErrorMiddleware: ErrorName=StorageError ErrorMessage=The specified queue does not exist.  ErrorHTTPStatusCode=404 ErrorHTTPStatusMessage=The specified queue does not exist. ErrorHTTPHeaders={"x-ms-error-code":"QueueNotFound","x-ms-request-id":"d24aa431-028a-4445-a01b-9e23c69e346d","x-ms-version":"2025-11-05"} ErrorHTTPBody="<?xml version=\"1.0\" encoding=\"UTF-8\" standalone=\"yes\"?>\n<Error>\n  <Code>QueueNotFound</Code>\n  <Message>The specified queue does not exist.\nRequestId:d24aa431-028a-4445-a01b-9e23c69e346d\nTime:2025-08-10T00:38:12.961Z</Message>\n</Error>" ErrorStack="StorageError: The specified queue does not exist.\n    at StorageErrorFactory.getQueueNotFound (/home/ubuntu/.nvm/versions/node/v22.16.0/lib/node_modules/azurite/dist/src/queue/errors/StorageErrorFactory.js:110:16)\n    at LokiQueueMetadataStore.getQueue (/home/ubuntu/.nvm/versions/node/v22.16.0/lib/node_modules/azurite/dist/src/queue/persistence/LokiQueueMetadataStore.js:247:49)\n    at QueueHandler.getProperties (/home/ubuntu/.nvm/versions/node/v22.16.0/lib/node_modules/azurite/dist/src/queue/handlers/QueueHandler.js:81:48)\n    at /home/ubuntu/.nvm/versions/node/v22.16.0/lib/node_modules/azurite/dist/src/queue/generated/middleware/HandlerMiddlewareFactory.js:58:18\n    at /home/ubuntu/.nvm/versions/node/v22.16.0/lib/node_modules/azurite/dist/src/queue/generated/ExpressMiddlewareFactory.js:77:63\n    at Layer.handle [as handle_request] (/home/ubuntu/.nvm/versions/node/v22.16.0/lib/node_modules/azurite/node_modules/express/lib/router/layer.js:95:5)\n    at trim_prefix (/home/ubuntu/.nvm/versions/node/v22.16.0/lib/node_modules/azurite/node_modules/express/lib/router/index.js:328:13)\n    at /home/ubuntu/.nvm/versions/node/v22.16.0/lib/node_modules/azurite/node_modules/express/lib/router/index.js:286:9\n    at Function.process_params (/home/ubuntu/.nvm/versions/node/v22.16.0/lib/node_modules/azurite/node_modules/express/lib/router/index.js:346:12)\n    at next (/home/ubuntu/.nvm/versions/node/v22.16.0/lib/node_modules/azurite/node_modules/express/lib/router/index.js:280:10)"
2025-08-10T00:38:12.962Z d24aa431-028a-4445-a01b-9e23c69e346d error: ErrorMiddleware: Set HTTP code: 404
2025-08-10T00:38:12.962Z d24aa431-028a-4445-a01b-9e23c69e346d error: ErrorMiddleware: Set HTTP status message: The specified queue does not exist.
2025-08-10T00:38:12.962Z d24aa431-028a-4445-a01b-9e23c69e346d error: ErrorMiddleware: Set HTTP Header: x-ms-error-code=QueueNotFound
2025-08-10T00:38:12.962Z d24aa431-028a-4445-a01b-9e23c69e346d error: ErrorMiddleware: Set HTTP Header: x-ms-request-id=d24aa431-028a-4445-a01b-9e23c69e346d
2025-08-10T00:38:12.962Z d24aa431-028a-4445-a01b-9e23c69e346d error: ErrorMiddleware: Set HTTP Header: x-ms-version=2025-11-05
2025-08-10T00:38:12.962Z d24aa431-028a-4445-a01b-9e23c69e346d error: ErrorMiddleware: Set content type: application/xml
2025-08-10T00:38:12.962Z d24aa431-028a-4445-a01b-9e23c69e346d error: ErrorMiddleware: Set HTTP body: "<?xml version=\"1.0\" encoding=\"UTF-8\" standalone=\"yes\"?>\n<Error>\n  <Code>QueueNotFound</Code>\n  <Message>The specified queue does not exist.\nRequestId:d24aa431-028a-4445-a01b-9e23c69e346d\nTime:2025-08-10T00:38:12.961Z</Message>\n</Error>"
2025-08-10T00:38:12.962Z d24aa431-028a-4445-a01b-9e23c69e346d verbose: Send Queue telemetry: Q_Queue_GetProperties
2025-08-10T00:38:12.962Z d24aa431-028a-4445-a01b-9e23c69e346d info: EndMiddleware: End response. TotalTimeInMS=2 StatusCode=404 StatusMessage=The specified queue does not exist. Headers={"server":"Azurite-Queue/3.35.0","x-ms-error-code":"QueueNotFound","x-ms-request-id":"d24aa431-028a-4445-a01b-9e23c69e346d","x-ms-version":"2025-11-05","content-type":"application/xml"}
2025-08-10T00:38:14.964Z d38b5fa0-7978-4621-8529-8a0f231a0835 info: QueueStorageContextMiddleware: RequestMethod=GET RequestURL=http://127.0.0.1/devstoreaccount1/publish-jobs?comp=metadata RequestHeaders:{"host":"127.0.0.1:10001","x-ms-version":"2025-05-05","accept":"application/xml","x-ms-client-request-id":"62ba1879-40b1-4afa-b3a9-7a6444d610b0","x-ms-return-client-request-id":"true","user-agent":"azsdk-net-Storage.Queues/12.22.0 (.NET 8.0.18; Ubuntu 25.04)","x-ms-date":"Sun, 10 Aug 2025 00:38:14 GMT","authorization":"SharedKey devstoreaccount1:UcvuuvjWm0wE76yHN2hjIH8hW35f/86AX5LFQpa9wXc="} ClientIP=127.0.0.1 Protocol=http HTTPVersion=1.1
2025-08-10T00:38:14.965Z d38b5fa0-7978-4621-8529-8a0f231a0835 info: QueueStorageContextMiddleware: Account=devstoreaccount1 Queue=publish-jobs Message=undefined MessageId=undefined
2025-08-10T00:38:14.965Z d38b5fa0-7978-4621-8529-8a0f231a0835 verbose: DispatchMiddleware: Dispatching request...
2025-08-10T00:38:14.965Z d38b5fa0-7978-4621-8529-8a0f231a0835 info: DispatchMiddleware: Operation=Queue_GetProperties
2025-08-10T00:38:14.965Z d38b5fa0-7978-4621-8529-8a0f231a0835 verbose: AuthenticationMiddlewareFactory:createAuthenticationMiddleware() Validating authentications.
2025-08-10T00:38:14.965Z d38b5fa0-7978-4621-8529-8a0f231a0835 info: QueueSharedKeyAuthenticator:validate() Start validation against account shared key authentication.
2025-08-10T00:38:14.965Z d38b5fa0-7978-4621-8529-8a0f231a0835 info: QueueSharedKeyAuthenticator:validate() [STRING TO SIGN]:"GET\n\n\n\n\n\n\n\n\n\n\n\nx-ms-client-request-id:62ba1879-40b1-4afa-b3a9-7a6444d610b0\nx-ms-date:Sun, 10 Aug 2025 00:38:14 GMT\nx-ms-return-client-request-id:true\nx-ms-version:2025-05-05\n/devstoreaccount1/devstoreaccount1/publish-jobs\ncomp:metadata"
2025-08-10T00:38:14.965Z d38b5fa0-7978-4621-8529-8a0f231a0835 info: QueueSharedKeyAuthenticator:validate() Calculated authentication header based on key1: devstoreaccount1:UcvuuvjWm0wE76yHN2hjIH8hW35f/86AX5LFQpa9wXc=
2025-08-10T00:38:14.965Z d38b5fa0-7978-4621-8529-8a0f231a0835 info: QueueSharedKeyAuthenticator:validate() Signature 1 matched.
2025-08-10T00:38:14.965Z d38b5fa0-7978-4621-8529-8a0f231a0835 verbose: DeserializerMiddleware: Start deserializing...
2025-08-10T00:38:14.965Z d38b5fa0-7978-4621-8529-8a0f231a0835 info: HandlerMiddleware: DeserializedParameters={"options":{"requestId":"62ba1879-40b1-4afa-b3a9-7a6444d610b0"},"comp":"metadata","version":"2025-05-05"}
2025-08-10T00:38:14.965Z d38b5fa0-7978-4621-8529-8a0f231a0835 error: ErrorMiddleware: Received a MiddlewareError, fill error information to HTTP response
2025-08-10T00:38:14.966Z d38b5fa0-7978-4621-8529-8a0f231a0835 error: ErrorMiddleware: ErrorName=StorageError ErrorMessage=The specified queue does not exist.  ErrorHTTPStatusCode=404 ErrorHTTPStatusMessage=The specified queue does not exist. ErrorHTTPHeaders={"x-ms-error-code":"QueueNotFound","x-ms-request-id":"d38b5fa0-7978-4621-8529-8a0f231a0835","x-ms-version":"2025-11-05"} ErrorHTTPBody="<?xml version=\"1.0\" encoding=\"UTF-8\" standalone=\"yes\"?>\n<Error>\n  <Code>QueueNotFound</Code>\n  <Message>The specified queue does not exist.\nRequestId:d38b5fa0-7978-4621-8529-8a0f231a0835\nTime:2025-08-10T00:38:14.965Z</Message>\n</Error>" ErrorStack="StorageError: The specified queue does not exist.\n    at StorageErrorFactory.getQueueNotFound (/home/ubuntu/.nvm/versions/node/v22.16.0/lib/node_modules/azurite/dist/src/queue/errors/StorageErrorFactory.js:110:16)\n    at LokiQueueMetadataStore.getQueue (/home/ubuntu/.nvm/versions/node/v22.16.0/lib/node_modules/azurite/dist/src/queue/persistence/LokiQueueMetadataStore.js:247:49)\n    at QueueHandler.getProperties (/home/ubuntu/.nvm/versions/node/v22.16.0/lib/node_modules/azurite/dist/src/queue/handlers/QueueHandler.js:81:48)\n    at /home/ubuntu/.nvm/versions/node/v22.16.0/lib/node_modules/azurite/dist/src/queue/generated/middleware/HandlerMiddlewareFactory.js:58:18\n    at /home/ubuntu/.nvm/versions/node/v22.16.0/lib/node_modules/azurite/dist/src/queue/generated/ExpressMiddlewareFactory.js:77:63\n    at Layer.handle [as handle_request] (/home/ubuntu/.nvm/versions/node/v22.16.0/lib/node_modules/azurite/node_modules/express/lib/router/layer.js:95:5)\n    at trim_prefix (/home/ubuntu/.nvm/versions/node/v22.16.0/lib/node_modules/azurite/node_modules/express/lib/router/index.js:328:13)\n    at /home/ubuntu/.nvm/versions/node/v22.16.0/lib/node_modules/azurite/node_modules/express/lib/router/index.js:286:9\n    at Function.process_params (/home/ubuntu/.nvm/versions/node/v22.16.0/lib/node_modules/azurite/node_modules/express/lib/router/index.js:346:12)\n    at next (/home/ubuntu/.nvm/versions/node/v22.16.0/lib/node_modules/azurite/node_modules/express/lib/router/index.js:280:10)"
2025-08-10T00:38:14.966Z d38b5fa0-7978-4621-8529-8a0f231a0835 error: ErrorMiddleware: Set HTTP code: 404
2025-08-10T00:38:14.966Z d38b5fa0-7978-4621-8529-8a0f231a0835 error: ErrorMiddleware: Set HTTP status message: The specified queue does not exist.
2025-08-10T00:38:14.966Z d38b5fa0-7978-4621-8529-8a0f231a0835 error: ErrorMiddleware: Set HTTP Header: x-ms-error-code=QueueNotFound
2025-08-10T00:38:14.966Z d38b5fa0-7978-4621-8529-8a0f231a0835 error: ErrorMiddleware: Set HTTP Header: x-ms-request-id=d38b5fa0-7978-4621-8529-8a0f231a0835
2025-08-10T00:38:14.966Z d38b5fa0-7978-4621-8529-8a0f231a0835 error: ErrorMiddleware: Set HTTP Header: x-ms-version=2025-11-05
2025-08-10T00:38:14.966Z d38b5fa0-7978-4621-8529-8a0f231a0835 error: ErrorMiddleware: Set content type: application/xml
2025-08-10T00:38:14.966Z d38b5fa0-7978-4621-8529-8a0f231a0835 error: ErrorMiddleware: Set HTTP body: "<?xml version=\"1.0\" encoding=\"UTF-8\" standalone=\"yes\"?>\n<Error>\n  <Code>QueueNotFound</Code>\n  <Message>The specified queue does not exist.\nRequestId:d38b5fa0-7978-4621-8529-8a0f231a0835\nTime:2025-08-10T00:38:14.965Z</Message>\n</Error>"
2025-08-10T00:38:14.966Z d38b5fa0-7978-4621-8529-8a0f231a0835 verbose: Send Queue telemetry: Q_Queue_GetProperties
2025-08-10T00:38:14.966Z d38b5fa0-7978-4621-8529-8a0f231a0835 info: EndMiddleware: End response. TotalTimeInMS=2 StatusCode=404 StatusMessage=The specified queue does not exist. Headers={"server":"Azurite-Queue/3.35.0","x-ms-error-code":"QueueNotFound","x-ms-request-id":"d38b5fa0-7978-4621-8529-8a0f231a0835","x-ms-version":"2025-11-05","content-type":"application/xml"}
2025-08-10T00:38:16.967Z cfd381f1-d04f-4eab-a6e7-51a73b8fc3c3 info: QueueStorageContextMiddleware: RequestMethod=GET RequestURL=http://127.0.0.1/devstoreaccount1/publish-jobs?comp=metadata RequestHeaders:{"host":"127.0.0.1:10001","x-ms-version":"2025-05-05","accept":"application/xml","x-ms-client-request-id":"b4a50ed0-d4b1-4d80-a3ae-d85eaea1c154","x-ms-return-client-request-id":"true","user-agent":"azsdk-net-Storage.Queues/12.22.0 (.NET 8.0.18; Ubuntu 25.04)","x-ms-date":"Sun, 10 Aug 2025 00:38:16 GMT","authorization":"SharedKey devstoreaccount1:QuMyno29Fg5Tmp1ir7YWI7MAyNLlaw+GEBHAlLs9780="} ClientIP=127.0.0.1 Protocol=http HTTPVersion=1.1
2025-08-10T00:38:16.967Z cfd381f1-d04f-4eab-a6e7-51a73b8fc3c3 info: QueueStorageContextMiddleware: Account=devstoreaccount1 Queue=publish-jobs Message=undefined MessageId=undefined
2025-08-10T00:38:16.967Z cfd381f1-d04f-4eab-a6e7-51a73b8fc3c3 verbose: DispatchMiddleware: Dispatching request...
2025-08-10T00:38:16.967Z cfd381f1-d04f-4eab-a6e7-51a73b8fc3c3 info: DispatchMiddleware: Operation=Queue_GetProperties
2025-08-10T00:38:16.967Z cfd381f1-d04f-4eab-a6e7-51a73b8fc3c3 verbose: AuthenticationMiddlewareFactory:createAuthenticationMiddleware() Validating authentications.
2025-08-10T00:38:16.968Z cfd381f1-d04f-4eab-a6e7-51a73b8fc3c3 info: QueueSharedKeyAuthenticator:validate() Start validation against account shared key authentication.
2025-08-10T00:38:16.968Z cfd381f1-d04f-4eab-a6e7-51a73b8fc3c3 info: QueueSharedKeyAuthenticator:validate() [STRING TO SIGN]:"GET\n\n\n\n\n\n\n\n\n\n\n\nx-ms-client-request-id:b4a50ed0-d4b1-4d80-a3ae-d85eaea1c154\nx-ms-date:Sun, 10 Aug 2025 00:38:16 GMT\nx-ms-return-client-request-id:true\nx-ms-version:2025-05-05\n/devstoreaccount1/devstoreaccount1/publish-jobs\ncomp:metadata"
2025-08-10T00:38:16.968Z cfd381f1-d04f-4eab-a6e7-51a73b8fc3c3 info: QueueSharedKeyAuthenticator:validate() Calculated authentication header based on key1: devstoreaccount1:QuMyno29Fg5Tmp1ir7YWI7MAyNLlaw+GEBHAlLs9780=
2025-08-10T00:38:16.968Z cfd381f1-d04f-4eab-a6e7-51a73b8fc3c3 info: QueueSharedKeyAuthenticator:validate() Signature 1 matched.
2025-08-10T00:38:16.968Z cfd381f1-d04f-4eab-a6e7-51a73b8fc3c3 verbose: DeserializerMiddleware: Start deserializing...
2025-08-10T00:38:16.968Z cfd381f1-d04f-4eab-a6e7-51a73b8fc3c3 info: HandlerMiddleware: DeserializedParameters={"options":{"requestId":"b4a50ed0-d4b1-4d80-a3ae-d85eaea1c154"},"comp":"metadata","version":"2025-05-05"}
2025-08-10T00:38:16.968Z cfd381f1-d04f-4eab-a6e7-51a73b8fc3c3 error: ErrorMiddleware: Received a MiddlewareError, fill error information to HTTP response
2025-08-10T00:38:16.968Z cfd381f1-d04f-4eab-a6e7-51a73b8fc3c3 error: ErrorMiddleware: ErrorName=StorageError ErrorMessage=The specified queue does not exist.  ErrorHTTPStatusCode=404 ErrorHTTPStatusMessage=The specified queue does not exist. ErrorHTTPHeaders={"x-ms-error-code":"QueueNotFound","x-ms-request-id":"cfd381f1-d04f-4eab-a6e7-51a73b8fc3c3","x-ms-version":"2025-11-05"} ErrorHTTPBody="<?xml version=\"1.0\" encoding=\"UTF-8\" standalone=\"yes\"?>\n<Error>\n  <Code>QueueNotFound</Code>\n  <Message>The specified queue does not exist.\nRequestId:cfd381f1-d04f-4eab-a6e7-51a73b8fc3c3\nTime:2025-08-10T00:38:16.968Z</Message>\n</Error>" ErrorStack="StorageError: The specified queue does not exist.\n    at StorageErrorFactory.getQueueNotFound (/home/ubuntu/.nvm/versions/node/v22.16.0/lib/node_modules/azurite/dist/src/queue/errors/StorageErrorFactory.js:110:16)\n    at LokiQueueMetadataStore.getQueue (/home/ubuntu/.nvm/versions/node/v22.16.0/lib/node_modules/azurite/dist/src/queue/persistence/LokiQueueMetadataStore.js:247:49)\n    at QueueHandler.getProperties (/home/ubuntu/.nvm/versions/node/v22.16.0/lib/node_modules/azurite/dist/src/queue/handlers/QueueHandler.js:81:48)\n    at /home/ubuntu/.nvm/versions/node/v22.16.0/lib/node_modules/azurite/dist/src/queue/generated/middleware/HandlerMiddlewareFactory.js:58:18\n    at /home/ubuntu/.nvm/versions/node/v22.16.0/lib/node_modules/azurite/dist/src/queue/generated/ExpressMiddlewareFactory.js:77:63\n    at Layer.handle [as handle_request] (/home/ubuntu/.nvm/versions/node/v22.16.0/lib/node_modules/azurite/node_modules/express/lib/router/layer.js:95:5)\n    at trim_prefix (/home/ubuntu/.nvm/versions/node/v22.16.0/lib/node_modules/azurite/node_modules/express/lib/router/index.js:328:13)\n    at /home/ubuntu/.nvm/versions/node/v22.16.0/lib/node_modules/azurite/node_modules/express/lib/router/index.js:286:9\n    at Function.process_params (/home/ubuntu/.nvm/versions/node/v22.16.0/lib/node_modules/azurite/node_modules/express/lib/router/index.js:346:12)\n    at next (/home/ubuntu/.nvm/versions/node/v22.16.0/lib/node_modules/azurite/node_modules/express/lib/router/index.js:280:10)"
2025-08-10T00:38:16.968Z cfd381f1-d04f-4eab-a6e7-51a73b8fc3c3 error: ErrorMiddleware: Set HTTP code: 404
2025-08-10T00:38:16.968Z cfd381f1-d04f-4eab-a6e7-51a73b8fc3c3 error: ErrorMiddleware: Set HTTP status message: The specified queue does not exist.
2025-08-10T00:38:16.968Z cfd381f1-d04f-4eab-a6e7-51a73b8fc3c3 error: ErrorMiddleware: Set HTTP Header: x-ms-error-code=QueueNotFound
2025-08-10T00:38:16.968Z cfd381f1-d04f-4eab-a6e7-51a73b8fc3c3 error: ErrorMiddleware: Set HTTP Header: x-ms-request-id=cfd381f1-d04f-4eab-a6e7-51a73b8fc3c3
2025-08-10T00:38:16.968Z cfd381f1-d04f-4eab-a6e7-51a73b8fc3c3 error: ErrorMiddleware: Set HTTP Header: x-ms-version=2025-11-05
2025-08-10T00:38:16.968Z cfd381f1-d04f-4eab-a6e7-51a73b8fc3c3 error: ErrorMiddleware: Set content type: application/xml
2025-08-10T00:38:16.968Z cfd381f1-d04f-4eab-a6e7-51a73b8fc3c3 error: ErrorMiddleware: Set HTTP body: "<?xml version=\"1.0\" encoding=\"UTF-8\" standalone=\"yes\"?>\n<Error>\n  <Code>QueueNotFound</Code>\n  <Message>The specified queue does not exist.\nRequestId:cfd381f1-d04f-4eab-a6e7-51a73b8fc3c3\nTime:2025-08-10T00:38:16.968Z</Message>\n</Error>"
2025-08-10T00:38:16.969Z cfd381f1-d04f-4eab-a6e7-51a73b8fc3c3 verbose: Send Queue telemetry: Q_Queue_GetProperties
2025-08-10T00:38:16.969Z cfd381f1-d04f-4eab-a6e7-51a73b8fc3c3 info: EndMiddleware: End response. TotalTimeInMS=2 StatusCode=404 StatusMessage=The specified queue does not exist. Headers={"server":"Azurite-Queue/3.35.0","x-ms-error-code":"QueueNotFound","x-ms-request-id":"cfd381f1-d04f-4eab-a6e7-51a73b8fc3c3","x-ms-version":"2025-11-05","content-type":"application/xml"}
2025-08-10T00:38:17.851Z d7c6d2fc-9b60-4ab5-8a62-f6370a5a2be2 info: BlobStorageContextMiddleware: RequestMethod=PUT RequestURL=http://127.0.0.1/devstoreaccount1/azure-webjobs-hosts/locks/cursor-285539928/host?comp=lease RequestHeaders:{"host":"127.0.0.1:10000","x-ms-lease-action":"renew","x-ms-lease-id":"0000000000000000000000007045662D","x-ms-version":"2024-08-04","accept":"application/xml","x-ms-client-request-id":"f39faebf-fa73-4fda-8b03-cee69c7da935","x-ms-return-client-request-id":"true","user-agent":"azsdk-net-Storage.Blobs/12.21.2 (.NET 8.0.18; Ubuntu 25.04)","x-ms-date":"Sun, 10 Aug 2025 00:38:17 GMT","authorization":"SharedKey devstoreaccount1:+vQBoKSGMLsaU3ooZXSka3kf4XZ0HspHftao5FqoEtc=","content-length":"0"} ClientIP=127.0.0.1 Protocol=http HTTPVersion=1.1
2025-08-10T00:38:17.851Z d7c6d2fc-9b60-4ab5-8a62-f6370a5a2be2 info: BlobStorageContextMiddleware: Account=devstoreaccount1 Container=azure-webjobs-hosts Blob=locks/cursor-285539928/host
2025-08-10T00:38:17.851Z d7c6d2fc-9b60-4ab5-8a62-f6370a5a2be2 verbose: DispatchMiddleware: Dispatching request...
2025-08-10T00:38:17.853Z d7c6d2fc-9b60-4ab5-8a62-f6370a5a2be2 info: DispatchMiddleware: Operation=Blob_RenewLease
2025-08-10T00:38:17.853Z d7c6d2fc-9b60-4ab5-8a62-f6370a5a2be2 verbose: AuthenticationMiddlewareFactory:createAuthenticationMiddleware() Validating authentications.
2025-08-10T00:38:17.853Z d7c6d2fc-9b60-4ab5-8a62-f6370a5a2be2 info: PublicAccessAuthenticator:validate() Start validation against public access.
2025-08-10T00:38:17.853Z d7c6d2fc-9b60-4ab5-8a62-f6370a5a2be2 debug: PublicAccessAuthenticator:validate() Getting account properties...
2025-08-10T00:38:17.853Z d7c6d2fc-9b60-4ab5-8a62-f6370a5a2be2 debug: PublicAccessAuthenticator:validate() Retrieved account name from context: devstoreaccount1, container: azure-webjobs-hosts, blob: locks/cursor-285539928/host
2025-08-10T00:38:17.853Z d7c6d2fc-9b60-4ab5-8a62-f6370a5a2be2 debug: PublicAccessAuthenticator:validate() Skip public access authentication. Cannot get public access type for container azure-webjobs-hosts
2025-08-10T00:38:17.853Z d7c6d2fc-9b60-4ab5-8a62-f6370a5a2be2 info: BlobSharedKeyAuthenticator:validate() Start validation against account shared key authentication.
2025-08-10T00:38:17.853Z d7c6d2fc-9b60-4ab5-8a62-f6370a5a2be2 info: BlobSharedKeyAuthenticator:validate() [STRING TO SIGN]:"PUT\n\n\n\n\n\n\n\n\n\n\n\nx-ms-client-request-id:f39faebf-fa73-4fda-8b03-cee69c7da935\nx-ms-date:Sun, 10 Aug 2025 00:38:17 GMT\nx-ms-lease-action:renew\nx-ms-lease-id:0000000000000000000000007045662D\nx-ms-return-client-request-id:true\nx-ms-version:2024-08-04\n/devstoreaccount1/devstoreaccount1/azure-webjobs-hosts/locks/cursor-285539928/host\ncomp:lease"
2025-08-10T00:38:17.853Z d7c6d2fc-9b60-4ab5-8a62-f6370a5a2be2 info: BlobSharedKeyAuthenticator:validate() Calculated authentication header based on key1: SharedKey devstoreaccount1:+vQBoKSGMLsaU3ooZXSka3kf4XZ0HspHftao5FqoEtc=
2025-08-10T00:38:17.853Z d7c6d2fc-9b60-4ab5-8a62-f6370a5a2be2 info: BlobSharedKeyAuthenticator:validate() Signature 1 matched.
2025-08-10T00:38:17.853Z d7c6d2fc-9b60-4ab5-8a62-f6370a5a2be2 verbose: DeserializerMiddleware: Start deserializing...
2025-08-10T00:38:17.853Z d7c6d2fc-9b60-4ab5-8a62-f6370a5a2be2 info: HandlerMiddleware: DeserializedParameters={"options":{"requestId":"f39faebf-fa73-4fda-8b03-cee69c7da935","modifiedAccessConditions":{}},"comp":"lease","leaseId":"0000000000000000000000007045662D","version":"2024-08-04","action":"renew"}
2025-08-10T00:38:17.854Z d7c6d2fc-9b60-4ab5-8a62-f6370a5a2be2 verbose: SerializerMiddleware: Start serializing...
2025-08-10T00:38:17.854Z d7c6d2fc-9b60-4ab5-8a62-f6370a5a2be2 verbose: Send Blob telemetry: B_Blob_RenewLease
2025-08-10T00:38:17.854Z d7c6d2fc-9b60-4ab5-8a62-f6370a5a2be2 info: EndMiddleware: End response. TotalTimeInMS=3 StatusCode=200 StatusMessage=undefined Headers={"server":"Azurite-Blob/3.35.0","etag":"\"0x201825B0AFAF8C0\"","last-modified":"Sun, 10 Aug 2025 00:37:53 GMT","x-ms-lease-id":"0000000000000000000000007045662D","x-ms-client-request-id":"f39faebf-fa73-4fda-8b03-cee69c7da935","x-ms-request-id":"d7c6d2fc-9b60-4ab5-8a62-f6370a5a2be2","x-ms-version":"2025-11-05","date":"Sun, 10 Aug 2025 00:38:17 GMT"}
2025-08-10T00:38:18.968Z f4539817-607c-41bb-98bd-b6dd8ad0a76a info: QueueStorageContextMiddleware: RequestMethod=GET RequestURL=http://127.0.0.1/devstoreaccount1/publish-jobs?comp=metadata RequestHeaders:{"host":"127.0.0.1:10001","x-ms-version":"2025-05-05","accept":"application/xml","x-ms-client-request-id":"dbeb4032-a0e4-479a-8fbc-53038820a469","x-ms-return-client-request-id":"true","user-agent":"azsdk-net-Storage.Queues/12.22.0 (.NET 8.0.18; Ubuntu 25.04)","x-ms-date":"Sun, 10 Aug 2025 00:38:18 GMT","authorization":"SharedKey devstoreaccount1:WAk7Y53y5rewfEi0occuO6nc2JAbt9k5f760kzlCN0M="} ClientIP=127.0.0.1 Protocol=http HTTPVersion=1.1
2025-08-10T00:38:18.968Z f4539817-607c-41bb-98bd-b6dd8ad0a76a info: QueueStorageContextMiddleware: Account=devstoreaccount1 Queue=publish-jobs Message=undefined MessageId=undefined
2025-08-10T00:38:18.968Z f4539817-607c-41bb-98bd-b6dd8ad0a76a verbose: DispatchMiddleware: Dispatching request...
2025-08-10T00:38:18.969Z f4539817-607c-41bb-98bd-b6dd8ad0a76a info: DispatchMiddleware: Operation=Queue_GetProperties
2025-08-10T00:38:18.969Z f4539817-607c-41bb-98bd-b6dd8ad0a76a verbose: AuthenticationMiddlewareFactory:createAuthenticationMiddleware() Validating authentications.
2025-08-10T00:38:18.969Z f4539817-607c-41bb-98bd-b6dd8ad0a76a info: QueueSharedKeyAuthenticator:validate() Start validation against account shared key authentication.
2025-08-10T00:38:18.969Z f4539817-607c-41bb-98bd-b6dd8ad0a76a info: QueueSharedKeyAuthenticator:validate() [STRING TO SIGN]:"GET\n\n\n\n\n\n\n\n\n\n\n\nx-ms-client-request-id:dbeb4032-a0e4-479a-8fbc-53038820a469\nx-ms-date:Sun, 10 Aug 2025 00:38:18 GMT\nx-ms-return-client-request-id:true\nx-ms-version:2025-05-05\n/devstoreaccount1/devstoreaccount1/publish-jobs\ncomp:metadata"
2025-08-10T00:38:18.969Z f4539817-607c-41bb-98bd-b6dd8ad0a76a info: QueueSharedKeyAuthenticator:validate() Calculated authentication header based on key1: devstoreaccount1:WAk7Y53y5rewfEi0occuO6nc2JAbt9k5f760kzlCN0M=
2025-08-10T00:38:18.969Z f4539817-607c-41bb-98bd-b6dd8ad0a76a info: QueueSharedKeyAuthenticator:validate() Signature 1 matched.
2025-08-10T00:38:18.969Z f4539817-607c-41bb-98bd-b6dd8ad0a76a verbose: DeserializerMiddleware: Start deserializing...
2025-08-10T00:38:18.969Z f4539817-607c-41bb-98bd-b6dd8ad0a76a info: HandlerMiddleware: DeserializedParameters={"options":{"requestId":"dbeb4032-a0e4-479a-8fbc-53038820a469"},"comp":"metadata","version":"2025-05-05"}
2025-08-10T00:38:18.969Z f4539817-607c-41bb-98bd-b6dd8ad0a76a error: ErrorMiddleware: Received a MiddlewareError, fill error information to HTTP response
2025-08-10T00:38:18.969Z f4539817-607c-41bb-98bd-b6dd8ad0a76a error: ErrorMiddleware: ErrorName=StorageError ErrorMessage=The specified queue does not exist.  ErrorHTTPStatusCode=404 ErrorHTTPStatusMessage=The specified queue does not exist. ErrorHTTPHeaders={"x-ms-error-code":"QueueNotFound","x-ms-request-id":"f4539817-607c-41bb-98bd-b6dd8ad0a76a","x-ms-version":"2025-11-05"} ErrorHTTPBody="<?xml version=\"1.0\" encoding=\"UTF-8\" standalone=\"yes\"?>\n<Error>\n  <Code>QueueNotFound</Code>\n  <Message>The specified queue does not exist.\nRequestId:f4539817-607c-41bb-98bd-b6dd8ad0a76a\nTime:2025-08-10T00:38:18.969Z</Message>\n</Error>" ErrorStack="StorageError: The specified queue does not exist.\n    at StorageErrorFactory.getQueueNotFound (/home/ubuntu/.nvm/versions/node/v22.16.0/lib/node_modules/azurite/dist/src/queue/errors/StorageErrorFactory.js:110:16)\n    at LokiQueueMetadataStore.getQueue (/home/ubuntu/.nvm/versions/node/v22.16.0/lib/node_modules/azurite/dist/src/queue/persistence/LokiQueueMetadataStore.js:247:49)\n    at QueueHandler.getProperties (/home/ubuntu/.nvm/versions/node/v22.16.0/lib/node_modules/azurite/dist/src/queue/handlers/QueueHandler.js:81:48)\n    at /home/ubuntu/.nvm/versions/node/v22.16.0/lib/node_modules/azurite/dist/src/queue/generated/middleware/HandlerMiddlewareFactory.js:58:18\n    at /home/ubuntu/.nvm/versions/node/v22.16.0/lib/node_modules/azurite/dist/src/queue/generated/ExpressMiddlewareFactory.js:77:63\n    at Layer.handle [as handle_request] (/home/ubuntu/.nvm/versions/node/v22.16.0/lib/node_modules/azurite/node_modules/express/lib/router/layer.js:95:5)\n    at trim_prefix (/home/ubuntu/.nvm/versions/node/v22.16.0/lib/node_modules/azurite/node_modules/express/lib/router/index.js:328:13)\n    at /home/ubuntu/.nvm/versions/node/v22.16.0/lib/node_modules/azurite/node_modules/express/lib/router/index.js:286:9\n    at Function.process_params (/home/ubuntu/.nvm/versions/node/v22.16.0/lib/node_modules/azurite/node_modules/express/lib/router/index.js:346:12)\n    at next (/home/ubuntu/.nvm/versions/node/v22.16.0/lib/node_modules/azurite/node_modules/express/lib/router/index.js:280:10)"
2025-08-10T00:38:18.969Z f4539817-607c-41bb-98bd-b6dd8ad0a76a error: ErrorMiddleware: Set HTTP code: 404
2025-08-10T00:38:18.969Z f4539817-607c-41bb-98bd-b6dd8ad0a76a error: ErrorMiddleware: Set HTTP status message: The specified queue does not exist.
2025-08-10T00:38:18.969Z f4539817-607c-41bb-98bd-b6dd8ad0a76a error: ErrorMiddleware: Set HTTP Header: x-ms-error-code=QueueNotFound
2025-08-10T00:38:18.969Z f4539817-607c-41bb-98bd-b6dd8ad0a76a error: ErrorMiddleware: Set HTTP Header: x-ms-request-id=f4539817-607c-41bb-98bd-b6dd8ad0a76a
2025-08-10T00:38:18.969Z f4539817-607c-41bb-98bd-b6dd8ad0a76a error: ErrorMiddleware: Set HTTP Header: x-ms-version=2025-11-05
2025-08-10T00:38:18.969Z f4539817-607c-41bb-98bd-b6dd8ad0a76a error: ErrorMiddleware: Set content type: application/xml
2025-08-10T00:38:18.969Z f4539817-607c-41bb-98bd-b6dd8ad0a76a error: ErrorMiddleware: Set HTTP body: "<?xml version=\"1.0\" encoding=\"UTF-8\" standalone=\"yes\"?>\n<Error>\n  <Code>QueueNotFound</Code>\n  <Message>The specified queue does not exist.\nRequestId:f4539817-607c-41bb-98bd-b6dd8ad0a76a\nTime:2025-08-10T00:38:18.969Z</Message>\n</Error>"
2025-08-10T00:38:18.969Z f4539817-607c-41bb-98bd-b6dd8ad0a76a verbose: Send Queue telemetry: Q_Queue_GetProperties
2025-08-10T00:38:18.969Z f4539817-607c-41bb-98bd-b6dd8ad0a76a info: EndMiddleware: End response. TotalTimeInMS=1 StatusCode=404 StatusMessage=The specified queue does not exist. Headers={"server":"Azurite-Queue/3.35.0","x-ms-error-code":"QueueNotFound","x-ms-request-id":"f4539817-607c-41bb-98bd-b6dd8ad0a76a","x-ms-version":"2025-11-05","content-type":"application/xml"}
2025-08-10T00:38:20.972Z 44201ad7-8b42-449d-8dbe-61ea7da015b4 info: QueueStorageContextMiddleware: RequestMethod=GET RequestURL=http://127.0.0.1/devstoreaccount1/publish-jobs?comp=metadata RequestHeaders:{"host":"127.0.0.1:10001","x-ms-version":"2025-05-05","accept":"application/xml","x-ms-client-request-id":"a038e6e2-eed9-48aa-adfa-7e75248e382b","x-ms-return-client-request-id":"true","user-agent":"azsdk-net-Storage.Queues/12.22.0 (.NET 8.0.18; Ubuntu 25.04)","x-ms-date":"Sun, 10 Aug 2025 00:38:20 GMT","authorization":"SharedKey devstoreaccount1:D6eyrA3OuUWA1QePlzccvdCFWwWU7KRw8YyVpCMBWdo="} ClientIP=127.0.0.1 Protocol=http HTTPVersion=1.1
2025-08-10T00:38:20.972Z 44201ad7-8b42-449d-8dbe-61ea7da015b4 info: QueueStorageContextMiddleware: Account=devstoreaccount1 Queue=publish-jobs Message=undefined MessageId=undefined
2025-08-10T00:38:20.972Z 44201ad7-8b42-449d-8dbe-61ea7da015b4 verbose: DispatchMiddleware: Dispatching request...
2025-08-10T00:38:20.972Z 44201ad7-8b42-449d-8dbe-61ea7da015b4 info: DispatchMiddleware: Operation=Queue_GetProperties
2025-08-10T00:38:20.972Z 44201ad7-8b42-449d-8dbe-61ea7da015b4 verbose: AuthenticationMiddlewareFactory:createAuthenticationMiddleware() Validating authentications.
2025-08-10T00:38:20.972Z 44201ad7-8b42-449d-8dbe-61ea7da015b4 info: QueueSharedKeyAuthenticator:validate() Start validation against account shared key authentication.
2025-08-10T00:38:20.972Z 44201ad7-8b42-449d-8dbe-61ea7da015b4 info: QueueSharedKeyAuthenticator:validate() [STRING TO SIGN]:"GET\n\n\n\n\n\n\n\n\n\n\n\nx-ms-client-request-id:a038e6e2-eed9-48aa-adfa-7e75248e382b\nx-ms-date:Sun, 10 Aug 2025 00:38:20 GMT\nx-ms-return-client-request-id:true\nx-ms-version:2025-05-05\n/devstoreaccount1/devstoreaccount1/publish-jobs\ncomp:metadata"
2025-08-10T00:38:20.972Z 44201ad7-8b42-449d-8dbe-61ea7da015b4 info: QueueSharedKeyAuthenticator:validate() Calculated authentication header based on key1: devstoreaccount1:D6eyrA3OuUWA1QePlzccvdCFWwWU7KRw8YyVpCMBWdo=
2025-08-10T00:38:20.972Z 44201ad7-8b42-449d-8dbe-61ea7da015b4 info: QueueSharedKeyAuthenticator:validate() Signature 1 matched.
2025-08-10T00:38:20.972Z 44201ad7-8b42-449d-8dbe-61ea7da015b4 verbose: DeserializerMiddleware: Start deserializing...
2025-08-10T00:38:20.972Z 44201ad7-8b42-449d-8dbe-61ea7da015b4 info: HandlerMiddleware: DeserializedParameters={"options":{"requestId":"a038e6e2-eed9-48aa-adfa-7e75248e382b"},"comp":"metadata","version":"2025-05-05"}
2025-08-10T00:38:20.972Z 44201ad7-8b42-449d-8dbe-61ea7da015b4 error: ErrorMiddleware: Received a MiddlewareError, fill error information to HTTP response
2025-08-10T00:38:20.972Z 44201ad7-8b42-449d-8dbe-61ea7da015b4 error: ErrorMiddleware: ErrorName=StorageError ErrorMessage=The specified queue does not exist.  ErrorHTTPStatusCode=404 ErrorHTTPStatusMessage=The specified queue does not exist. ErrorHTTPHeaders={"x-ms-error-code":"QueueNotFound","x-ms-request-id":"44201ad7-8b42-449d-8dbe-61ea7da015b4","x-ms-version":"2025-11-05"} ErrorHTTPBody="<?xml version=\"1.0\" encoding=\"UTF-8\" standalone=\"yes\"?>\n<Error>\n  <Code>QueueNotFound</Code>\n  <Message>The specified queue does not exist.\nRequestId:44201ad7-8b42-449d-8dbe-61ea7da015b4\nTime:2025-08-10T00:38:20.972Z</Message>\n</Error>" ErrorStack="StorageError: The specified queue does not exist.\n    at StorageErrorFactory.getQueueNotFound (/home/ubuntu/.nvm/versions/node/v22.16.0/lib/node_modules/azurite/dist/src/queue/errors/StorageErrorFactory.js:110:16)\n    at LokiQueueMetadataStore.getQueue (/home/ubuntu/.nvm/versions/node/v22.16.0/lib/node_modules/azurite/dist/src/queue/persistence/LokiQueueMetadataStore.js:247:49)\n    at QueueHandler.getProperties (/home/ubuntu/.nvm/versions/node/v22.16.0/lib/node_modules/azurite/dist/src/queue/handlers/QueueHandler.js:81:48)\n    at /home/ubuntu/.nvm/versions/node/v22.16.0/lib/node_modules/azurite/dist/src/queue/generated/middleware/HandlerMiddlewareFactory.js:58:18\n    at /home/ubuntu/.nvm/versions/node/v22.16.0/lib/node_modules/azurite/dist/src/queue/generated/ExpressMiddlewareFactory.js:77:63\n    at Layer.handle [as handle_request] (/home/ubuntu/.nvm/versions/node/v22.16.0/lib/node_modules/azurite/node_modules/express/lib/router/layer.js:95:5)\n    at trim_prefix (/home/ubuntu/.nvm/versions/node/v22.16.0/lib/node_modules/azurite/node_modules/express/lib/router/index.js:328:13)\n    at /home/ubuntu/.nvm/versions/node/v22.16.0/lib/node_modules/azurite/node_modules/express/lib/router/index.js:286:9\n    at Function.process_params (/home/ubuntu/.nvm/versions/node/v22.16.0/lib/node_modules/azurite/node_modules/express/lib/router/index.js:346:12)\n    at next (/home/ubuntu/.nvm/versions/node/v22.16.0/lib/node_modules/azurite/node_modules/express/lib/router/index.js:280:10)"
2025-08-10T00:38:20.972Z 44201ad7-8b42-449d-8dbe-61ea7da015b4 error: ErrorMiddleware: Set HTTP code: 404
2025-08-10T00:38:20.972Z 44201ad7-8b42-449d-8dbe-61ea7da015b4 error: ErrorMiddleware: Set HTTP status message: The specified queue does not exist.
2025-08-10T00:38:20.972Z 44201ad7-8b42-449d-8dbe-61ea7da015b4 error: ErrorMiddleware: Set HTTP Header: x-ms-error-code=QueueNotFound
2025-08-10T00:38:20.972Z 44201ad7-8b42-449d-8dbe-61ea7da015b4 error: ErrorMiddleware: Set HTTP Header: x-ms-request-id=44201ad7-8b42-449d-8dbe-61ea7da015b4
2025-08-10T00:38:20.972Z 44201ad7-8b42-449d-8dbe-61ea7da015b4 error: ErrorMiddleware: Set HTTP Header: x-ms-version=2025-11-05
2025-08-10T00:38:20.972Z 44201ad7-8b42-449d-8dbe-61ea7da015b4 error: ErrorMiddleware: Set content type: application/xml
2025-08-10T00:38:20.972Z 44201ad7-8b42-449d-8dbe-61ea7da015b4 error: ErrorMiddleware: Set HTTP body: "<?xml version=\"1.0\" encoding=\"UTF-8\" standalone=\"yes\"?>\n<Error>\n  <Code>QueueNotFound</Code>\n  <Message>The specified queue does not exist.\nRequestId:44201ad7-8b42-449d-8dbe-61ea7da015b4\nTime:2025-08-10T00:38:20.972Z</Message>\n</Error>"
2025-08-10T00:38:20.973Z 44201ad7-8b42-449d-8dbe-61ea7da015b4 verbose: Send Queue telemetry: Q_Queue_GetProperties
2025-08-10T00:38:20.973Z 44201ad7-8b42-449d-8dbe-61ea7da015b4 info: EndMiddleware: End response. TotalTimeInMS=1 StatusCode=404 StatusMessage=The specified queue does not exist. Headers={"server":"Azurite-Queue/3.35.0","x-ms-error-code":"QueueNotFound","x-ms-request-id":"44201ad7-8b42-449d-8dbe-61ea7da015b4","x-ms-version":"2025-11-05","content-type":"application/xml"}
2025-08-10T00:38:22.972Z 0dd0af18-13eb-4fb4-90e4-10d3a0de74ef info: QueueStorageContextMiddleware: RequestMethod=GET RequestURL=http://127.0.0.1/devstoreaccount1/publish-jobs?comp=metadata RequestHeaders:{"host":"127.0.0.1:10001","x-ms-version":"2025-05-05","accept":"application/xml","x-ms-client-request-id":"64308698-0fc6-46aa-8ea8-5e05986e3396","x-ms-return-client-request-id":"true","user-agent":"azsdk-net-Storage.Queues/12.22.0 (.NET 8.0.18; Ubuntu 25.04)","x-ms-date":"Sun, 10 Aug 2025 00:38:22 GMT","authorization":"SharedKey devstoreaccount1:yu75leMPLkNIDE+zB6UebSOa19niKjaAm3J3FBBtKNk="} ClientIP=127.0.0.1 Protocol=http HTTPVersion=1.1
2025-08-10T00:38:22.972Z 0dd0af18-13eb-4fb4-90e4-10d3a0de74ef info: QueueStorageContextMiddleware: Account=devstoreaccount1 Queue=publish-jobs Message=undefined MessageId=undefined
2025-08-10T00:38:22.972Z 0dd0af18-13eb-4fb4-90e4-10d3a0de74ef verbose: DispatchMiddleware: Dispatching request...
2025-08-10T00:38:22.972Z 0dd0af18-13eb-4fb4-90e4-10d3a0de74ef info: DispatchMiddleware: Operation=Queue_GetProperties
2025-08-10T00:38:22.972Z 0dd0af18-13eb-4fb4-90e4-10d3a0de74ef verbose: AuthenticationMiddlewareFactory:createAuthenticationMiddleware() Validating authentications.
2025-08-10T00:38:22.972Z 0dd0af18-13eb-4fb4-90e4-10d3a0de74ef info: QueueSharedKeyAuthenticator:validate() Start validation against account shared key authentication.
2025-08-10T00:38:22.972Z 0dd0af18-13eb-4fb4-90e4-10d3a0de74ef info: QueueSharedKeyAuthenticator:validate() [STRING TO SIGN]:"GET\n\n\n\n\n\n\n\n\n\n\n\nx-ms-client-request-id:64308698-0fc6-46aa-8ea8-5e05986e3396\nx-ms-date:Sun, 10 Aug 2025 00:38:22 GMT\nx-ms-return-client-request-id:true\nx-ms-version:2025-05-05\n/devstoreaccount1/devstoreaccount1/publish-jobs\ncomp:metadata"
2025-08-10T00:38:22.972Z 0dd0af18-13eb-4fb4-90e4-10d3a0de74ef info: QueueSharedKeyAuthenticator:validate() Calculated authentication header based on key1: devstoreaccount1:yu75leMPLkNIDE+zB6UebSOa19niKjaAm3J3FBBtKNk=
2025-08-10T00:38:22.972Z 0dd0af18-13eb-4fb4-90e4-10d3a0de74ef info: QueueSharedKeyAuthenticator:validate() Signature 1 matched.
2025-08-10T00:38:22.972Z 0dd0af18-13eb-4fb4-90e4-10d3a0de74ef verbose: DeserializerMiddleware: Start deserializing...
2025-08-10T00:38:22.972Z 0dd0af18-13eb-4fb4-90e4-10d3a0de74ef info: HandlerMiddleware: DeserializedParameters={"options":{"requestId":"64308698-0fc6-46aa-8ea8-5e05986e3396"},"comp":"metadata","version":"2025-05-05"}
2025-08-10T00:38:22.973Z 0dd0af18-13eb-4fb4-90e4-10d3a0de74ef error: ErrorMiddleware: Received a MiddlewareError, fill error information to HTTP response
2025-08-10T00:38:22.973Z 0dd0af18-13eb-4fb4-90e4-10d3a0de74ef error: ErrorMiddleware: ErrorName=StorageError ErrorMessage=The specified queue does not exist.  ErrorHTTPStatusCode=404 ErrorHTTPStatusMessage=The specified queue does not exist. ErrorHTTPHeaders={"x-ms-error-code":"QueueNotFound","x-ms-request-id":"0dd0af18-13eb-4fb4-90e4-10d3a0de74ef","x-ms-version":"2025-11-05"} ErrorHTTPBody="<?xml version=\"1.0\" encoding=\"UTF-8\" standalone=\"yes\"?>\n<Error>\n  <Code>QueueNotFound</Code>\n  <Message>The specified queue does not exist.\nRequestId:0dd0af18-13eb-4fb4-90e4-10d3a0de74ef\nTime:2025-08-10T00:38:22.972Z</Message>\n</Error>" ErrorStack="StorageError: The specified queue does not exist.\n    at StorageErrorFactory.getQueueNotFound (/home/ubuntu/.nvm/versions/node/v22.16.0/lib/node_modules/azurite/dist/src/queue/errors/StorageErrorFactory.js:110:16)\n    at LokiQueueMetadataStore.getQueue (/home/ubuntu/.nvm/versions/node/v22.16.0/lib/node_modules/azurite/dist/src/queue/persistence/LokiQueueMetadataStore.js:247:49)\n    at QueueHandler.getProperties (/home/ubuntu/.nvm/versions/node/v22.16.0/lib/node_modules/azurite/dist/src/queue/handlers/QueueHandler.js:81:48)\n    at /home/ubuntu/.nvm/versions/node/v22.16.0/lib/node_modules/azurite/dist/src/queue/generated/middleware/HandlerMiddlewareFactory.js:58:18\n    at /home/ubuntu/.nvm/versions/node/v22.16.0/lib/node_modules/azurite/dist/src/queue/generated/ExpressMiddlewareFactory.js:77:63\n    at Layer.handle [as handle_request] (/home/ubuntu/.nvm/versions/node/v22.16.0/lib/node_modules/azurite/node_modules/express/lib/router/layer.js:95:5)\n    at trim_prefix (/home/ubuntu/.nvm/versions/node/v22.16.0/lib/node_modules/azurite/node_modules/express/lib/router/index.js:328:13)\n    at /home/ubuntu/.nvm/versions/node/v22.16.0/lib/node_modules/azurite/node_modules/express/lib/router/index.js:286:9\n    at Function.process_params (/home/ubuntu/.nvm/versions/node/v22.16.0/lib/node_modules/azurite/node_modules/express/lib/router/index.js:346:12)\n    at next (/home/ubuntu/.nvm/versions/node/v22.16.0/lib/node_modules/azurite/node_modules/express/lib/router/index.js:280:10)"
2025-08-10T00:38:22.973Z 0dd0af18-13eb-4fb4-90e4-10d3a0de74ef error: ErrorMiddleware: Set HTTP code: 404
2025-08-10T00:38:22.973Z 0dd0af18-13eb-4fb4-90e4-10d3a0de74ef error: ErrorMiddleware: Set HTTP status message: The specified queue does not exist.
2025-08-10T00:38:22.973Z 0dd0af18-13eb-4fb4-90e4-10d3a0de74ef error: ErrorMiddleware: Set HTTP Header: x-ms-error-code=QueueNotFound
2025-08-10T00:38:22.973Z 0dd0af18-13eb-4fb4-90e4-10d3a0de74ef error: ErrorMiddleware: Set HTTP Header: x-ms-request-id=0dd0af18-13eb-4fb4-90e4-10d3a0de74ef
2025-08-10T00:38:22.973Z 0dd0af18-13eb-4fb4-90e4-10d3a0de74ef error: ErrorMiddleware: Set HTTP Header: x-ms-version=2025-11-05
2025-08-10T00:38:22.973Z 0dd0af18-13eb-4fb4-90e4-10d3a0de74ef error: ErrorMiddleware: Set content type: application/xml
2025-08-10T00:38:22.973Z 0dd0af18-13eb-4fb4-90e4-10d3a0de74ef error: ErrorMiddleware: Set HTTP body: "<?xml version=\"1.0\" encoding=\"UTF-8\" standalone=\"yes\"?>\n<Error>\n  <Code>QueueNotFound</Code>\n  <Message>The specified queue does not exist.\nRequestId:0dd0af18-13eb-4fb4-90e4-10d3a0de74ef\nTime:2025-08-10T00:38:22.972Z</Message>\n</Error>"
2025-08-10T00:38:22.973Z 0dd0af18-13eb-4fb4-90e4-10d3a0de74ef verbose: Send Queue telemetry: Q_Queue_GetProperties
2025-08-10T00:38:22.973Z 0dd0af18-13eb-4fb4-90e4-10d3a0de74ef info: EndMiddleware: End response. TotalTimeInMS=1 StatusCode=404 StatusMessage=The specified queue does not exist. Headers={"server":"Azurite-Queue/3.35.0","x-ms-error-code":"QueueNotFound","x-ms-request-id":"0dd0af18-13eb-4fb4-90e4-10d3a0de74ef","x-ms-version":"2025-11-05","content-type":"application/xml"}
2025-08-10T00:38:24.972Z abb414ea-5005-4f65-b0d7-96643d694e77 info: QueueStorageContextMiddleware: RequestMethod=GET RequestURL=http://127.0.0.1/devstoreaccount1/publish-jobs?comp=metadata RequestHeaders:{"host":"127.0.0.1:10001","x-ms-version":"2025-05-05","accept":"application/xml","x-ms-client-request-id":"e85c5c19-ffd5-4f32-b3d5-feeb9be18c88","x-ms-return-client-request-id":"true","user-agent":"azsdk-net-Storage.Queues/12.22.0 (.NET 8.0.18; Ubuntu 25.04)","x-ms-date":"Sun, 10 Aug 2025 00:38:24 GMT","authorization":"SharedKey devstoreaccount1:6l/nVRtwY/VLPYQHswjl1rmfj1eqg2KRJbcTiIn65ko="} ClientIP=127.0.0.1 Protocol=http HTTPVersion=1.1
2025-08-10T00:38:24.972Z abb414ea-5005-4f65-b0d7-96643d694e77 info: QueueStorageContextMiddleware: Account=devstoreaccount1 Queue=publish-jobs Message=undefined MessageId=undefined
2025-08-10T00:38:24.972Z abb414ea-5005-4f65-b0d7-96643d694e77 verbose: DispatchMiddleware: Dispatching request...
2025-08-10T00:38:24.972Z abb414ea-5005-4f65-b0d7-96643d694e77 info: DispatchMiddleware: Operation=Queue_GetProperties
2025-08-10T00:38:24.972Z abb414ea-5005-4f65-b0d7-96643d694e77 verbose: AuthenticationMiddlewareFactory:createAuthenticationMiddleware() Validating authentications.
2025-08-10T00:38:24.972Z abb414ea-5005-4f65-b0d7-96643d694e77 info: QueueSharedKeyAuthenticator:validate() Start validation against account shared key authentication.
2025-08-10T00:38:24.972Z abb414ea-5005-4f65-b0d7-96643d694e77 info: QueueSharedKeyAuthenticator:validate() [STRING TO SIGN]:"GET\n\n\n\n\n\n\n\n\n\n\n\nx-ms-client-request-id:e85c5c19-ffd5-4f32-b3d5-feeb9be18c88\nx-ms-date:Sun, 10 Aug 2025 00:38:24 GMT\nx-ms-return-client-request-id:true\nx-ms-version:2025-05-05\n/devstoreaccount1/devstoreaccount1/publish-jobs\ncomp:metadata"
2025-08-10T00:38:24.972Z abb414ea-5005-4f65-b0d7-96643d694e77 info: QueueSharedKeyAuthenticator:validate() Calculated authentication header based on key1: devstoreaccount1:6l/nVRtwY/VLPYQHswjl1rmfj1eqg2KRJbcTiIn65ko=
2025-08-10T00:38:24.972Z abb414ea-5005-4f65-b0d7-96643d694e77 info: QueueSharedKeyAuthenticator:validate() Signature 1 matched.
2025-08-10T00:38:24.972Z abb414ea-5005-4f65-b0d7-96643d694e77 verbose: DeserializerMiddleware: Start deserializing...
2025-08-10T00:38:24.972Z abb414ea-5005-4f65-b0d7-96643d694e77 info: HandlerMiddleware: DeserializedParameters={"options":{"requestId":"e85c5c19-ffd5-4f32-b3d5-feeb9be18c88"},"comp":"metadata","version":"2025-05-05"}
2025-08-10T00:38:24.973Z abb414ea-5005-4f65-b0d7-96643d694e77 error: ErrorMiddleware: Received a MiddlewareError, fill error information to HTTP response
2025-08-10T00:38:24.973Z abb414ea-5005-4f65-b0d7-96643d694e77 error: ErrorMiddleware: ErrorName=StorageError ErrorMessage=The specified queue does not exist.  ErrorHTTPStatusCode=404 ErrorHTTPStatusMessage=The specified queue does not exist. ErrorHTTPHeaders={"x-ms-error-code":"QueueNotFound","x-ms-request-id":"abb414ea-5005-4f65-b0d7-96643d694e77","x-ms-version":"2025-11-05"} ErrorHTTPBody="<?xml version=\"1.0\" encoding=\"UTF-8\" standalone=\"yes\"?>\n<Error>\n  <Code>QueueNotFound</Code>\n  <Message>The specified queue does not exist.\nRequestId:abb414ea-5005-4f65-b0d7-96643d694e77\nTime:2025-08-10T00:38:24.972Z</Message>\n</Error>" ErrorStack="StorageError: The specified queue does not exist.\n    at StorageErrorFactory.getQueueNotFound (/home/ubuntu/.nvm/versions/node/v22.16.0/lib/node_modules/azurite/dist/src/queue/errors/StorageErrorFactory.js:110:16)\n    at LokiQueueMetadataStore.getQueue (/home/ubuntu/.nvm/versions/node/v22.16.0/lib/node_modules/azurite/dist/src/queue/persistence/LokiQueueMetadataStore.js:247:49)\n    at QueueHandler.getProperties (/home/ubuntu/.nvm/versions/node/v22.16.0/lib/node_modules/azurite/dist/src/queue/handlers/QueueHandler.js:81:48)\n    at /home/ubuntu/.nvm/versions/node/v22.16.0/lib/node_modules/azurite/dist/src/queue/generated/middleware/HandlerMiddlewareFactory.js:58:18\n    at /home/ubuntu/.nvm/versions/node/v22.16.0/lib/node_modules/azurite/dist/src/queue/generated/ExpressMiddlewareFactory.js:77:63\n    at Layer.handle [as handle_request] (/home/ubuntu/.nvm/versions/node/v22.16.0/lib/node_modules/azurite/node_modules/express/lib/router/layer.js:95:5)\n    at trim_prefix (/home/ubuntu/.nvm/versions/node/v22.16.0/lib/node_modules/azurite/node_modules/express/lib/router/index.js:328:13)\n    at /home/ubuntu/.nvm/versions/node/v22.16.0/lib/node_modules/azurite/node_modules/express/lib/router/index.js:286:9\n    at Function.process_params (/home/ubuntu/.nvm/versions/node/v22.16.0/lib/node_modules/azurite/node_modules/express/lib/router/index.js:346:12)\n    at next (/home/ubuntu/.nvm/versions/node/v22.16.0/lib/node_modules/azurite/node_modules/express/lib/router/index.js:280:10)"
2025-08-10T00:38:24.973Z abb414ea-5005-4f65-b0d7-96643d694e77 error: ErrorMiddleware: Set HTTP code: 404
2025-08-10T00:38:24.973Z abb414ea-5005-4f65-b0d7-96643d694e77 error: ErrorMiddleware: Set HTTP status message: The specified queue does not exist.
2025-08-10T00:38:24.973Z abb414ea-5005-4f65-b0d7-96643d694e77 error: ErrorMiddleware: Set HTTP Header: x-ms-error-code=QueueNotFound
2025-08-10T00:38:24.973Z abb414ea-5005-4f65-b0d7-96643d694e77 error: ErrorMiddleware: Set HTTP Header: x-ms-request-id=abb414ea-5005-4f65-b0d7-96643d694e77
2025-08-10T00:38:24.973Z abb414ea-5005-4f65-b0d7-96643d694e77 error: ErrorMiddleware: Set HTTP Header: x-ms-version=2025-11-05
2025-08-10T00:38:24.973Z abb414ea-5005-4f65-b0d7-96643d694e77 error: ErrorMiddleware: Set content type: application/xml
2025-08-10T00:38:24.973Z abb414ea-5005-4f65-b0d7-96643d694e77 error: ErrorMiddleware: Set HTTP body: "<?xml version=\"1.0\" encoding=\"UTF-8\" standalone=\"yes\"?>\n<Error>\n  <Code>QueueNotFound</Code>\n  <Message>The specified queue does not exist.\nRequestId:abb414ea-5005-4f65-b0d7-96643d694e77\nTime:2025-08-10T00:38:24.972Z</Message>\n</Error>"
2025-08-10T00:38:24.973Z abb414ea-5005-4f65-b0d7-96643d694e77 verbose: Send Queue telemetry: Q_Queue_GetProperties
2025-08-10T00:38:24.973Z abb414ea-5005-4f65-b0d7-96643d694e77 info: EndMiddleware: End response. TotalTimeInMS=1 StatusCode=404 StatusMessage=The specified queue does not exist. Headers={"server":"Azurite-Queue/3.35.0","x-ms-error-code":"QueueNotFound","x-ms-request-id":"abb414ea-5005-4f65-b0d7-96643d694e77","x-ms-version":"2025-11-05","content-type":"application/xml"}
2025-08-10T00:38:26.975Z 3f3ebd31-0da1-45cb-8048-fcdd7c953576 info: QueueStorageContextMiddleware: RequestMethod=GET RequestURL=http://127.0.0.1/devstoreaccount1/publish-jobs?comp=metadata RequestHeaders:{"host":"127.0.0.1:10001","x-ms-version":"2025-05-05","accept":"application/xml","x-ms-client-request-id":"5304aedf-241b-463d-9655-45724c3913e4","x-ms-return-client-request-id":"true","user-agent":"azsdk-net-Storage.Queues/12.22.0 (.NET 8.0.18; Ubuntu 25.04)","x-ms-date":"Sun, 10 Aug 2025 00:38:26 GMT","authorization":"SharedKey devstoreaccount1:hMwzJ7y1D+QuZ9VXoWAQ2nFnLZR8gVk6QHeZFXHbp3Y="} ClientIP=127.0.0.1 Protocol=http HTTPVersion=1.1
2025-08-10T00:38:26.975Z 3f3ebd31-0da1-45cb-8048-fcdd7c953576 info: QueueStorageContextMiddleware: Account=devstoreaccount1 Queue=publish-jobs Message=undefined MessageId=undefined
2025-08-10T00:38:26.975Z 3f3ebd31-0da1-45cb-8048-fcdd7c953576 verbose: DispatchMiddleware: Dispatching request...
2025-08-10T00:38:26.975Z 3f3ebd31-0da1-45cb-8048-fcdd7c953576 info: DispatchMiddleware: Operation=Queue_GetProperties
2025-08-10T00:38:26.976Z 3f3ebd31-0da1-45cb-8048-fcdd7c953576 verbose: AuthenticationMiddlewareFactory:createAuthenticationMiddleware() Validating authentications.
2025-08-10T00:38:26.976Z 3f3ebd31-0da1-45cb-8048-fcdd7c953576 info: QueueSharedKeyAuthenticator:validate() Start validation against account shared key authentication.
2025-08-10T00:38:26.976Z 3f3ebd31-0da1-45cb-8048-fcdd7c953576 info: QueueSharedKeyAuthenticator:validate() [STRING TO SIGN]:"GET\n\n\n\n\n\n\n\n\n\n\n\nx-ms-client-request-id:5304aedf-241b-463d-9655-45724c3913e4\nx-ms-date:Sun, 10 Aug 2025 00:38:26 GMT\nx-ms-return-client-request-id:true\nx-ms-version:2025-05-05\n/devstoreaccount1/devstoreaccount1/publish-jobs\ncomp:metadata"
2025-08-10T00:38:26.976Z 3f3ebd31-0da1-45cb-8048-fcdd7c953576 info: QueueSharedKeyAuthenticator:validate() Calculated authentication header based on key1: devstoreaccount1:hMwzJ7y1D+QuZ9VXoWAQ2nFnLZR8gVk6QHeZFXHbp3Y=
2025-08-10T00:38:26.976Z 3f3ebd31-0da1-45cb-8048-fcdd7c953576 info: QueueSharedKeyAuthenticator:validate() Signature 1 matched.
2025-08-10T00:38:26.976Z 3f3ebd31-0da1-45cb-8048-fcdd7c953576 verbose: DeserializerMiddleware: Start deserializing...
2025-08-10T00:38:26.976Z 3f3ebd31-0da1-45cb-8048-fcdd7c953576 info: HandlerMiddleware: DeserializedParameters={"options":{"requestId":"5304aedf-241b-463d-9655-45724c3913e4"},"comp":"metadata","version":"2025-05-05"}
2025-08-10T00:38:26.976Z 3f3ebd31-0da1-45cb-8048-fcdd7c953576 error: ErrorMiddleware: Received a MiddlewareError, fill error information to HTTP response
2025-08-10T00:38:26.976Z 3f3ebd31-0da1-45cb-8048-fcdd7c953576 error: ErrorMiddleware: ErrorName=StorageError ErrorMessage=The specified queue does not exist.  ErrorHTTPStatusCode=404 ErrorHTTPStatusMessage=The specified queue does not exist. ErrorHTTPHeaders={"x-ms-error-code":"QueueNotFound","x-ms-request-id":"3f3ebd31-0da1-45cb-8048-fcdd7c953576","x-ms-version":"2025-11-05"} ErrorHTTPBody="<?xml version=\"1.0\" encoding=\"UTF-8\" standalone=\"yes\"?>\n<Error>\n  <Code>QueueNotFound</Code>\n  <Message>The specified queue does not exist.\nRequestId:3f3ebd31-0da1-45cb-8048-fcdd7c953576\nTime:2025-08-10T00:38:26.976Z</Message>\n</Error>" ErrorStack="StorageError: The specified queue does not exist.\n    at StorageErrorFactory.getQueueNotFound (/home/ubuntu/.nvm/versions/node/v22.16.0/lib/node_modules/azurite/dist/src/queue/errors/StorageErrorFactory.js:110:16)\n    at LokiQueueMetadataStore.getQueue (/home/ubuntu/.nvm/versions/node/v22.16.0/lib/node_modules/azurite/dist/src/queue/persistence/LokiQueueMetadataStore.js:247:49)\n    at QueueHandler.getProperties (/home/ubuntu/.nvm/versions/node/v22.16.0/lib/node_modules/azurite/dist/src/queue/handlers/QueueHandler.js:81:48)\n    at /home/ubuntu/.nvm/versions/node/v22.16.0/lib/node_modules/azurite/dist/src/queue/generated/middleware/HandlerMiddlewareFactory.js:58:18\n    at /home/ubuntu/.nvm/versions/node/v22.16.0/lib/node_modules/azurite/dist/src/queue/generated/ExpressMiddlewareFactory.js:77:63\n    at Layer.handle [as handle_request] (/home/ubuntu/.nvm/versions/node/v22.16.0/lib/node_modules/azurite/node_modules/express/lib/router/layer.js:95:5)\n    at trim_prefix (/home/ubuntu/.nvm/versions/node/v22.16.0/lib/node_modules/azurite/node_modules/express/lib/router/index.js:328:13)\n    at /home/ubuntu/.nvm/versions/node/v22.16.0/lib/node_modules/azurite/node_modules/express/lib/router/index.js:286:9\n    at Function.process_params (/home/ubuntu/.nvm/versions/node/v22.16.0/lib/node_modules/azurite/node_modules/express/lib/router/index.js:346:12)\n    at next (/home/ubuntu/.nvm/versions/node/v22.16.0/lib/node_modules/azurite/node_modules/express/lib/router/index.js:280:10)"
2025-08-10T00:38:26.976Z 3f3ebd31-0da1-45cb-8048-fcdd7c953576 error: ErrorMiddleware: Set HTTP code: 404
2025-08-10T00:38:26.976Z 3f3ebd31-0da1-45cb-8048-fcdd7c953576 error: ErrorMiddleware: Set HTTP status message: The specified queue does not exist.
2025-08-10T00:38:26.976Z 3f3ebd31-0da1-45cb-8048-fcdd7c953576 error: ErrorMiddleware: Set HTTP Header: x-ms-error-code=QueueNotFound
2025-08-10T00:38:26.976Z 3f3ebd31-0da1-45cb-8048-fcdd7c953576 error: ErrorMiddleware: Set HTTP Header: x-ms-request-id=3f3ebd31-0da1-45cb-8048-fcdd7c953576
2025-08-10T00:38:26.976Z 3f3ebd31-0da1-45cb-8048-fcdd7c953576 error: ErrorMiddleware: Set HTTP Header: x-ms-version=2025-11-05
2025-08-10T00:38:26.976Z 3f3ebd31-0da1-45cb-8048-fcdd7c953576 error: ErrorMiddleware: Set content type: application/xml
2025-08-10T00:38:26.976Z 3f3ebd31-0da1-45cb-8048-fcdd7c953576 error: ErrorMiddleware: Set HTTP body: "<?xml version=\"1.0\" encoding=\"UTF-8\" standalone=\"yes\"?>\n<Error>\n  <Code>QueueNotFound</Code>\n  <Message>The specified queue does not exist.\nRequestId:3f3ebd31-0da1-45cb-8048-fcdd7c953576\nTime:2025-08-10T00:38:26.976Z</Message>\n</Error>"
2025-08-10T00:38:26.977Z 3f3ebd31-0da1-45cb-8048-fcdd7c953576 verbose: Send Queue telemetry: Q_Queue_GetProperties
2025-08-10T00:38:26.977Z 3f3ebd31-0da1-45cb-8048-fcdd7c953576 info: EndMiddleware: End response. TotalTimeInMS=2 StatusCode=404 StatusMessage=The specified queue does not exist. Headers={"server":"Azurite-Queue/3.35.0","x-ms-error-code":"QueueNotFound","x-ms-request-id":"3f3ebd31-0da1-45cb-8048-fcdd7c953576","x-ms-version":"2025-11-05","content-type":"application/xml"}
2025-08-10T00:38:28.975Z faf92197-a868-4c34-96e0-3391c1666c34 info: QueueStorageContextMiddleware: RequestMethod=GET RequestURL=http://127.0.0.1/devstoreaccount1/publish-jobs?comp=metadata RequestHeaders:{"host":"127.0.0.1:10001","x-ms-version":"2025-05-05","accept":"application/xml","x-ms-client-request-id":"54ac2601-0cbb-4028-ae06-bb5c4e888227","x-ms-return-client-request-id":"true","user-agent":"azsdk-net-Storage.Queues/12.22.0 (.NET 8.0.18; Ubuntu 25.04)","x-ms-date":"Sun, 10 Aug 2025 00:38:28 GMT","authorization":"SharedKey devstoreaccount1:ueqkgJaGkKJ3cCDvzoQqh7T7KYIq1stzPMyg62nLNi8="} ClientIP=127.0.0.1 Protocol=http HTTPVersion=1.1
2025-08-10T00:38:28.975Z faf92197-a868-4c34-96e0-3391c1666c34 info: QueueStorageContextMiddleware: Account=devstoreaccount1 Queue=publish-jobs Message=undefined MessageId=undefined
2025-08-10T00:38:28.975Z faf92197-a868-4c34-96e0-3391c1666c34 verbose: DispatchMiddleware: Dispatching request...
2025-08-10T00:38:28.975Z faf92197-a868-4c34-96e0-3391c1666c34 info: DispatchMiddleware: Operation=Queue_GetProperties
2025-08-10T00:38:28.975Z faf92197-a868-4c34-96e0-3391c1666c34 verbose: AuthenticationMiddlewareFactory:createAuthenticationMiddleware() Validating authentications.
2025-08-10T00:38:28.975Z faf92197-a868-4c34-96e0-3391c1666c34 info: QueueSharedKeyAuthenticator:validate() Start validation against account shared key authentication.
2025-08-10T00:38:28.975Z faf92197-a868-4c34-96e0-3391c1666c34 info: QueueSharedKeyAuthenticator:validate() [STRING TO SIGN]:"GET\n\n\n\n\n\n\n\n\n\n\n\nx-ms-client-request-id:54ac2601-0cbb-4028-ae06-bb5c4e888227\nx-ms-date:Sun, 10 Aug 2025 00:38:28 GMT\nx-ms-return-client-request-id:true\nx-ms-version:2025-05-05\n/devstoreaccount1/devstoreaccount1/publish-jobs\ncomp:metadata"
2025-08-10T00:38:28.975Z faf92197-a868-4c34-96e0-3391c1666c34 info: QueueSharedKeyAuthenticator:validate() Calculated authentication header based on key1: devstoreaccount1:ueqkgJaGkKJ3cCDvzoQqh7T7KYIq1stzPMyg62nLNi8=
2025-08-10T00:38:28.975Z faf92197-a868-4c34-96e0-3391c1666c34 info: QueueSharedKeyAuthenticator:validate() Signature 1 matched.
2025-08-10T00:38:28.975Z faf92197-a868-4c34-96e0-3391c1666c34 verbose: DeserializerMiddleware: Start deserializing...
2025-08-10T00:38:28.975Z faf92197-a868-4c34-96e0-3391c1666c34 info: HandlerMiddleware: DeserializedParameters={"options":{"requestId":"54ac2601-0cbb-4028-ae06-bb5c4e888227"},"comp":"metadata","version":"2025-05-05"}
2025-08-10T00:38:28.976Z faf92197-a868-4c34-96e0-3391c1666c34 error: ErrorMiddleware: Received a MiddlewareError, fill error information to HTTP response
2025-08-10T00:38:28.976Z faf92197-a868-4c34-96e0-3391c1666c34 error: ErrorMiddleware: ErrorName=StorageError ErrorMessage=The specified queue does not exist.  ErrorHTTPStatusCode=404 ErrorHTTPStatusMessage=The specified queue does not exist. ErrorHTTPHeaders={"x-ms-error-code":"QueueNotFound","x-ms-request-id":"faf92197-a868-4c34-96e0-3391c1666c34","x-ms-version":"2025-11-05"} ErrorHTTPBody="<?xml version=\"1.0\" encoding=\"UTF-8\" standalone=\"yes\"?>\n<Error>\n  <Code>QueueNotFound</Code>\n  <Message>The specified queue does not exist.\nRequestId:faf92197-a868-4c34-96e0-3391c1666c34\nTime:2025-08-10T00:38:28.975Z</Message>\n</Error>" ErrorStack="StorageError: The specified queue does not exist.\n    at StorageErrorFactory.getQueueNotFound (/home/ubuntu/.nvm/versions/node/v22.16.0/lib/node_modules/azurite/dist/src/queue/errors/StorageErrorFactory.js:110:16)\n    at LokiQueueMetadataStore.getQueue (/home/ubuntu/.nvm/versions/node/v22.16.0/lib/node_modules/azurite/dist/src/queue/persistence/LokiQueueMetadataStore.js:247:49)\n    at QueueHandler.getProperties (/home/ubuntu/.nvm/versions/node/v22.16.0/lib/node_modules/azurite/dist/src/queue/handlers/QueueHandler.js:81:48)\n    at /home/ubuntu/.nvm/versions/node/v22.16.0/lib/node_modules/azurite/dist/src/queue/generated/middleware/HandlerMiddlewareFactory.js:58:18\n    at /home/ubuntu/.nvm/versions/node/v22.16.0/lib/node_modules/azurite/dist/src/queue/generated/ExpressMiddlewareFactory.js:77:63\n    at Layer.handle [as handle_request] (/home/ubuntu/.nvm/versions/node/v22.16.0/lib/node_modules/azurite/node_modules/express/lib/router/layer.js:95:5)\n    at trim_prefix (/home/ubuntu/.nvm/versions/node/v22.16.0/lib/node_modules/azurite/node_modules/express/lib/router/index.js:328:13)\n    at /home/ubuntu/.nvm/versions/node/v22.16.0/lib/node_modules/azurite/node_modules/express/lib/router/index.js:286:9\n    at Function.process_params (/home/ubuntu/.nvm/versions/node/v22.16.0/lib/node_modules/azurite/node_modules/express/lib/router/index.js:346:12)\n    at next (/home/ubuntu/.nvm/versions/node/v22.16.0/lib/node_modules/azurite/node_modules/express/lib/router/index.js:280:10)"
2025-08-10T00:38:28.976Z faf92197-a868-4c34-96e0-3391c1666c34 error: ErrorMiddleware: Set HTTP code: 404
2025-08-10T00:38:28.976Z faf92197-a868-4c34-96e0-3391c1666c34 error: ErrorMiddleware: Set HTTP status message: The specified queue does not exist.
2025-08-10T00:38:28.976Z faf92197-a868-4c34-96e0-3391c1666c34 error: ErrorMiddleware: Set HTTP Header: x-ms-error-code=QueueNotFound
2025-08-10T00:38:28.976Z faf92197-a868-4c34-96e0-3391c1666c34 error: ErrorMiddleware: Set HTTP Header: x-ms-request-id=faf92197-a868-4c34-96e0-3391c1666c34
2025-08-10T00:38:28.976Z faf92197-a868-4c34-96e0-3391c1666c34 error: ErrorMiddleware: Set HTTP Header: x-ms-version=2025-11-05
2025-08-10T00:38:28.976Z faf92197-a868-4c34-96e0-3391c1666c34 error: ErrorMiddleware: Set content type: application/xml
2025-08-10T00:38:28.976Z faf92197-a868-4c34-96e0-3391c1666c34 error: ErrorMiddleware: Set HTTP body: "<?xml version=\"1.0\" encoding=\"UTF-8\" standalone=\"yes\"?>\n<Error>\n  <Code>QueueNotFound</Code>\n  <Message>The specified queue does not exist.\nRequestId:faf92197-a868-4c34-96e0-3391c1666c34\nTime:2025-08-10T00:38:28.975Z</Message>\n</Error>"
2025-08-10T00:38:28.976Z faf92197-a868-4c34-96e0-3391c1666c34 verbose: Send Queue telemetry: Q_Queue_GetProperties
2025-08-10T00:38:28.976Z faf92197-a868-4c34-96e0-3391c1666c34 info: EndMiddleware: End response. TotalTimeInMS=1 StatusCode=404 StatusMessage=The specified queue does not exist. Headers={"server":"Azurite-Queue/3.35.0","x-ms-error-code":"QueueNotFound","x-ms-request-id":"faf92197-a868-4c34-96e0-3391c1666c34","x-ms-version":"2025-11-05","content-type":"application/xml"}
2025-08-10T00:38:29.849Z 074b2614-4a66-405d-95f6-c79ca7902326 info: BlobStorageContextMiddleware: RequestMethod=PUT RequestURL=http://127.0.0.1/devstoreaccount1/azure-webjobs-hosts/locks/cursor-285539928/host?comp=lease RequestHeaders:{"host":"127.0.0.1:10000","x-ms-lease-action":"renew","x-ms-lease-id":"0000000000000000000000007045662D","x-ms-version":"2024-08-04","accept":"application/xml","x-ms-client-request-id":"ef6f272f-eaf9-41b7-a81f-4e7c2be5c9e2","x-ms-return-client-request-id":"true","user-agent":"azsdk-net-Storage.Blobs/12.21.2 (.NET 8.0.18; Ubuntu 25.04)","x-ms-date":"Sun, 10 Aug 2025 00:38:29 GMT","authorization":"SharedKey devstoreaccount1:iZ11sChwHUDmyESfGS/ddWYYkN7V2qsinCfHHCggEso=","content-length":"0"} ClientIP=127.0.0.1 Protocol=http HTTPVersion=1.1
2025-08-10T00:38:29.849Z 074b2614-4a66-405d-95f6-c79ca7902326 info: BlobStorageContextMiddleware: Account=devstoreaccount1 Container=azure-webjobs-hosts Blob=locks/cursor-285539928/host
2025-08-10T00:38:29.849Z 074b2614-4a66-405d-95f6-c79ca7902326 verbose: DispatchMiddleware: Dispatching request...
2025-08-10T00:38:29.849Z 074b2614-4a66-405d-95f6-c79ca7902326 info: DispatchMiddleware: Operation=Blob_RenewLease
2025-08-10T00:38:29.849Z 074b2614-4a66-405d-95f6-c79ca7902326 verbose: AuthenticationMiddlewareFactory:createAuthenticationMiddleware() Validating authentications.
2025-08-10T00:38:29.849Z 074b2614-4a66-405d-95f6-c79ca7902326 info: PublicAccessAuthenticator:validate() Start validation against public access.
2025-08-10T00:38:29.849Z 074b2614-4a66-405d-95f6-c79ca7902326 debug: PublicAccessAuthenticator:validate() Getting account properties...
2025-08-10T00:38:29.850Z 074b2614-4a66-405d-95f6-c79ca7902326 debug: PublicAccessAuthenticator:validate() Retrieved account name from context: devstoreaccount1, container: azure-webjobs-hosts, blob: locks/cursor-285539928/host
2025-08-10T00:38:29.850Z 074b2614-4a66-405d-95f6-c79ca7902326 debug: PublicAccessAuthenticator:validate() Skip public access authentication. Cannot get public access type for container azure-webjobs-hosts
2025-08-10T00:38:29.850Z 074b2614-4a66-405d-95f6-c79ca7902326 info: BlobSharedKeyAuthenticator:validate() Start validation against account shared key authentication.
2025-08-10T00:38:29.850Z 074b2614-4a66-405d-95f6-c79ca7902326 info: BlobSharedKeyAuthenticator:validate() [STRING TO SIGN]:"PUT\n\n\n\n\n\n\n\n\n\n\n\nx-ms-client-request-id:ef6f272f-eaf9-41b7-a81f-4e7c2be5c9e2\nx-ms-date:Sun, 10 Aug 2025 00:38:29 GMT\nx-ms-lease-action:renew\nx-ms-lease-id:0000000000000000000000007045662D\nx-ms-return-client-request-id:true\nx-ms-version:2024-08-04\n/devstoreaccount1/devstoreaccount1/azure-webjobs-hosts/locks/cursor-285539928/host\ncomp:lease"
2025-08-10T00:38:29.850Z 074b2614-4a66-405d-95f6-c79ca7902326 info: BlobSharedKeyAuthenticator:validate() Calculated authentication header based on key1: SharedKey devstoreaccount1:iZ11sChwHUDmyESfGS/ddWYYkN7V2qsinCfHHCggEso=
2025-08-10T00:38:29.850Z 074b2614-4a66-405d-95f6-c79ca7902326 info: BlobSharedKeyAuthenticator:validate() Signature 1 matched.
2025-08-10T00:38:29.850Z 074b2614-4a66-405d-95f6-c79ca7902326 verbose: DeserializerMiddleware: Start deserializing...
2025-08-10T00:38:29.851Z 074b2614-4a66-405d-95f6-c79ca7902326 info: HandlerMiddleware: DeserializedParameters={"options":{"requestId":"ef6f272f-eaf9-41b7-a81f-4e7c2be5c9e2","modifiedAccessConditions":{}},"comp":"lease","leaseId":"0000000000000000000000007045662D","version":"2024-08-04","action":"renew"}
2025-08-10T00:38:29.851Z 074b2614-4a66-405d-95f6-c79ca7902326 verbose: SerializerMiddleware: Start serializing...
2025-08-10T00:38:29.851Z 074b2614-4a66-405d-95f6-c79ca7902326 verbose: Send Blob telemetry: B_Blob_RenewLease
2025-08-10T00:38:29.851Z 074b2614-4a66-405d-95f6-c79ca7902326 info: EndMiddleware: End response. TotalTimeInMS=2 StatusCode=200 StatusMessage=undefined Headers={"server":"Azurite-Blob/3.35.0","etag":"\"0x201825B0AFAF8C0\"","last-modified":"Sun, 10 Aug 2025 00:37:53 GMT","x-ms-lease-id":"0000000000000000000000007045662D","x-ms-client-request-id":"ef6f272f-eaf9-41b7-a81f-4e7c2be5c9e2","x-ms-request-id":"074b2614-4a66-405d-95f6-c79ca7902326","x-ms-version":"2025-11-05","date":"Sun, 10 Aug 2025 00:38:29 GMT"}
2025-08-10T00:38:30.977Z 1dac8620-fe7e-4883-b83a-d720b3a0d7da info: QueueStorageContextMiddleware: RequestMethod=GET RequestURL=http://127.0.0.1/devstoreaccount1/publish-jobs?comp=metadata RequestHeaders:{"host":"127.0.0.1:10001","x-ms-version":"2025-05-05","accept":"application/xml","x-ms-client-request-id":"ceb521ab-da0c-4a9a-a048-2c19c57afea9","x-ms-return-client-request-id":"true","user-agent":"azsdk-net-Storage.Queues/12.22.0 (.NET 8.0.18; Ubuntu 25.04)","x-ms-date":"Sun, 10 Aug 2025 00:38:30 GMT","authorization":"SharedKey devstoreaccount1:7Agvm/mlm8QU+vh82nOFJ5siK83YQvBS5nkbAU5h+DE="} ClientIP=127.0.0.1 Protocol=http HTTPVersion=1.1
2025-08-10T00:38:30.977Z 1dac8620-fe7e-4883-b83a-d720b3a0d7da info: QueueStorageContextMiddleware: Account=devstoreaccount1 Queue=publish-jobs Message=undefined MessageId=undefined
2025-08-10T00:38:30.977Z 1dac8620-fe7e-4883-b83a-d720b3a0d7da verbose: DispatchMiddleware: Dispatching request...
2025-08-10T00:38:30.977Z 1dac8620-fe7e-4883-b83a-d720b3a0d7da info: DispatchMiddleware: Operation=Queue_GetProperties
2025-08-10T00:38:30.977Z 1dac8620-fe7e-4883-b83a-d720b3a0d7da verbose: AuthenticationMiddlewareFactory:createAuthenticationMiddleware() Validating authentications.
2025-08-10T00:38:30.977Z 1dac8620-fe7e-4883-b83a-d720b3a0d7da info: QueueSharedKeyAuthenticator:validate() Start validation against account shared key authentication.
2025-08-10T00:38:30.977Z 1dac8620-fe7e-4883-b83a-d720b3a0d7da info: QueueSharedKeyAuthenticator:validate() [STRING TO SIGN]:"GET\n\n\n\n\n\n\n\n\n\n\n\nx-ms-client-request-id:ceb521ab-da0c-4a9a-a048-2c19c57afea9\nx-ms-date:Sun, 10 Aug 2025 00:38:30 GMT\nx-ms-return-client-request-id:true\nx-ms-version:2025-05-05\n/devstoreaccount1/devstoreaccount1/publish-jobs\ncomp:metadata"
2025-08-10T00:38:30.977Z 1dac8620-fe7e-4883-b83a-d720b3a0d7da info: QueueSharedKeyAuthenticator:validate() Calculated authentication header based on key1: devstoreaccount1:7Agvm/mlm8QU+vh82nOFJ5siK83YQvBS5nkbAU5h+DE=
2025-08-10T00:38:30.977Z 1dac8620-fe7e-4883-b83a-d720b3a0d7da info: QueueSharedKeyAuthenticator:validate() Signature 1 matched.
2025-08-10T00:38:30.977Z 1dac8620-fe7e-4883-b83a-d720b3a0d7da verbose: DeserializerMiddleware: Start deserializing...
2025-08-10T00:38:30.978Z 1dac8620-fe7e-4883-b83a-d720b3a0d7da info: HandlerMiddleware: DeserializedParameters={"options":{"requestId":"ceb521ab-da0c-4a9a-a048-2c19c57afea9"},"comp":"metadata","version":"2025-05-05"}
2025-08-10T00:38:30.978Z 1dac8620-fe7e-4883-b83a-d720b3a0d7da error: ErrorMiddleware: Received a MiddlewareError, fill error information to HTTP response
2025-08-10T00:38:30.978Z 1dac8620-fe7e-4883-b83a-d720b3a0d7da error: ErrorMiddleware: ErrorName=StorageError ErrorMessage=The specified queue does not exist.  ErrorHTTPStatusCode=404 ErrorHTTPStatusMessage=The specified queue does not exist. ErrorHTTPHeaders={"x-ms-error-code":"QueueNotFound","x-ms-request-id":"1dac8620-fe7e-4883-b83a-d720b3a0d7da","x-ms-version":"2025-11-05"} ErrorHTTPBody="<?xml version=\"1.0\" encoding=\"UTF-8\" standalone=\"yes\"?>\n<Error>\n  <Code>QueueNotFound</Code>\n  <Message>The specified queue does not exist.\nRequestId:1dac8620-fe7e-4883-b83a-d720b3a0d7da\nTime:2025-08-10T00:38:30.978Z</Message>\n</Error>" ErrorStack="StorageError: The specified queue does not exist.\n    at StorageErrorFactory.getQueueNotFound (/home/ubuntu/.nvm/versions/node/v22.16.0/lib/node_modules/azurite/dist/src/queue/errors/StorageErrorFactory.js:110:16)\n    at LokiQueueMetadataStore.getQueue (/home/ubuntu/.nvm/versions/node/v22.16.0/lib/node_modules/azurite/dist/src/queue/persistence/LokiQueueMetadataStore.js:247:49)\n    at QueueHandler.getProperties (/home/ubuntu/.nvm/versions/node/v22.16.0/lib/node_modules/azurite/dist/src/queue/handlers/QueueHandler.js:81:48)\n    at /home/ubuntu/.nvm/versions/node/v22.16.0/lib/node_modules/azurite/dist/src/queue/generated/middleware/HandlerMiddlewareFactory.js:58:18\n    at /home/ubuntu/.nvm/versions/node/v22.16.0/lib/node_modules/azurite/dist/src/queue/generated/ExpressMiddlewareFactory.js:77:63\n    at Layer.handle [as handle_request] (/home/ubuntu/.nvm/versions/node/v22.16.0/lib/node_modules/azurite/node_modules/express/lib/router/layer.js:95:5)\n    at trim_prefix (/home/ubuntu/.nvm/versions/node/v22.16.0/lib/node_modules/azurite/node_modules/express/lib/router/index.js:328:13)\n    at /home/ubuntu/.nvm/versions/node/v22.16.0/lib/node_modules/azurite/node_modules/express/lib/router/index.js:286:9\n    at Function.process_params (/home/ubuntu/.nvm/versions/node/v22.16.0/lib/node_modules/azurite/node_modules/express/lib/router/index.js:346:12)\n    at next (/home/ubuntu/.nvm/versions/node/v22.16.0/lib/node_modules/azurite/node_modules/express/lib/router/index.js:280:10)"
2025-08-10T00:38:30.978Z 1dac8620-fe7e-4883-b83a-d720b3a0d7da error: ErrorMiddleware: Set HTTP code: 404
2025-08-10T00:38:30.978Z 1dac8620-fe7e-4883-b83a-d720b3a0d7da error: ErrorMiddleware: Set HTTP status message: The specified queue does not exist.
2025-08-10T00:38:30.978Z 1dac8620-fe7e-4883-b83a-d720b3a0d7da error: ErrorMiddleware: Set HTTP Header: x-ms-error-code=QueueNotFound
2025-08-10T00:38:30.978Z 1dac8620-fe7e-4883-b83a-d720b3a0d7da error: ErrorMiddleware: Set HTTP Header: x-ms-request-id=1dac8620-fe7e-4883-b83a-d720b3a0d7da
2025-08-10T00:38:30.978Z 1dac8620-fe7e-4883-b83a-d720b3a0d7da error: ErrorMiddleware: Set HTTP Header: x-ms-version=2025-11-05
2025-08-10T00:38:30.978Z 1dac8620-fe7e-4883-b83a-d720b3a0d7da error: ErrorMiddleware: Set content type: application/xml
2025-08-10T00:38:30.978Z 1dac8620-fe7e-4883-b83a-d720b3a0d7da error: ErrorMiddleware: Set HTTP body: "<?xml version=\"1.0\" encoding=\"UTF-8\" standalone=\"yes\"?>\n<Error>\n  <Code>QueueNotFound</Code>\n  <Message>The specified queue does not exist.\nRequestId:1dac8620-fe7e-4883-b83a-d720b3a0d7da\nTime:2025-08-10T00:38:30.978Z</Message>\n</Error>"
2025-08-10T00:38:30.978Z 1dac8620-fe7e-4883-b83a-d720b3a0d7da verbose: Send Queue telemetry: Q_Queue_GetProperties
2025-08-10T00:38:30.978Z 1dac8620-fe7e-4883-b83a-d720b3a0d7da info: EndMiddleware: End response. TotalTimeInMS=1 StatusCode=404 StatusMessage=The specified queue does not exist. Headers={"server":"Azurite-Queue/3.35.0","x-ms-error-code":"QueueNotFound","x-ms-request-id":"1dac8620-fe7e-4883-b83a-d720b3a0d7da","x-ms-version":"2025-11-05","content-type":"application/xml"}
2025-08-10T00:38:32.979Z 28094fa6-519d-4937-aa96-45f8feb2b03c info: QueueStorageContextMiddleware: RequestMethod=GET RequestURL=http://127.0.0.1/devstoreaccount1/publish-jobs?comp=metadata RequestHeaders:{"host":"127.0.0.1:10001","x-ms-version":"2025-05-05","accept":"application/xml","x-ms-client-request-id":"528f385a-b74e-465e-8be5-b18ed4dacefb","x-ms-return-client-request-id":"true","user-agent":"azsdk-net-Storage.Queues/12.22.0 (.NET 8.0.18; Ubuntu 25.04)","x-ms-date":"Sun, 10 Aug 2025 00:38:32 GMT","authorization":"SharedKey devstoreaccount1:TVUuUm2cQ5SJeKelHy6aurgQGKbcOpBFqNXaiY0wdcM="} ClientIP=127.0.0.1 Protocol=http HTTPVersion=1.1
2025-08-10T00:38:32.979Z 28094fa6-519d-4937-aa96-45f8feb2b03c info: QueueStorageContextMiddleware: Account=devstoreaccount1 Queue=publish-jobs Message=undefined MessageId=undefined
2025-08-10T00:38:32.979Z 28094fa6-519d-4937-aa96-45f8feb2b03c verbose: DispatchMiddleware: Dispatching request...
2025-08-10T00:38:32.979Z 28094fa6-519d-4937-aa96-45f8feb2b03c info: DispatchMiddleware: Operation=Queue_GetProperties
2025-08-10T00:38:32.979Z 28094fa6-519d-4937-aa96-45f8feb2b03c verbose: AuthenticationMiddlewareFactory:createAuthenticationMiddleware() Validating authentications.
2025-08-10T00:38:32.979Z 28094fa6-519d-4937-aa96-45f8feb2b03c info: QueueSharedKeyAuthenticator:validate() Start validation against account shared key authentication.
2025-08-10T00:38:32.979Z 28094fa6-519d-4937-aa96-45f8feb2b03c info: QueueSharedKeyAuthenticator:validate() [STRING TO SIGN]:"GET\n\n\n\n\n\n\n\n\n\n\n\nx-ms-client-request-id:528f385a-b74e-465e-8be5-b18ed4dacefb\nx-ms-date:Sun, 10 Aug 2025 00:38:32 GMT\nx-ms-return-client-request-id:true\nx-ms-version:2025-05-05\n/devstoreaccount1/devstoreaccount1/publish-jobs\ncomp:metadata"
2025-08-10T00:38:32.979Z 28094fa6-519d-4937-aa96-45f8feb2b03c info: QueueSharedKeyAuthenticator:validate() Calculated authentication header based on key1: devstoreaccount1:TVUuUm2cQ5SJeKelHy6aurgQGKbcOpBFqNXaiY0wdcM=
2025-08-10T00:38:32.979Z 28094fa6-519d-4937-aa96-45f8feb2b03c info: QueueSharedKeyAuthenticator:validate() Signature 1 matched.
2025-08-10T00:38:32.979Z 28094fa6-519d-4937-aa96-45f8feb2b03c verbose: DeserializerMiddleware: Start deserializing...
2025-08-10T00:38:32.980Z 28094fa6-519d-4937-aa96-45f8feb2b03c info: HandlerMiddleware: DeserializedParameters={"options":{"requestId":"528f385a-b74e-465e-8be5-b18ed4dacefb"},"comp":"metadata","version":"2025-05-05"}
2025-08-10T00:38:32.980Z 28094fa6-519d-4937-aa96-45f8feb2b03c error: ErrorMiddleware: Received a MiddlewareError, fill error information to HTTP response
2025-08-10T00:38:32.980Z 28094fa6-519d-4937-aa96-45f8feb2b03c error: ErrorMiddleware: ErrorName=StorageError ErrorMessage=The specified queue does not exist.  ErrorHTTPStatusCode=404 ErrorHTTPStatusMessage=The specified queue does not exist. ErrorHTTPHeaders={"x-ms-error-code":"QueueNotFound","x-ms-request-id":"28094fa6-519d-4937-aa96-45f8feb2b03c","x-ms-version":"2025-11-05"} ErrorHTTPBody="<?xml version=\"1.0\" encoding=\"UTF-8\" standalone=\"yes\"?>\n<Error>\n  <Code>QueueNotFound</Code>\n  <Message>The specified queue does not exist.\nRequestId:28094fa6-519d-4937-aa96-45f8feb2b03c\nTime:2025-08-10T00:38:32.980Z</Message>\n</Error>" ErrorStack="StorageError: The specified queue does not exist.\n    at StorageErrorFactory.getQueueNotFound (/home/ubuntu/.nvm/versions/node/v22.16.0/lib/node_modules/azurite/dist/src/queue/errors/StorageErrorFactory.js:110:16)\n    at LokiQueueMetadataStore.getQueue (/home/ubuntu/.nvm/versions/node/v22.16.0/lib/node_modules/azurite/dist/src/queue/persistence/LokiQueueMetadataStore.js:247:49)\n    at QueueHandler.getProperties (/home/ubuntu/.nvm/versions/node/v22.16.0/lib/node_modules/azurite/dist/src/queue/handlers/QueueHandler.js:81:48)\n    at /home/ubuntu/.nvm/versions/node/v22.16.0/lib/node_modules/azurite/dist/src/queue/generated/middleware/HandlerMiddlewareFactory.js:58:18\n    at /home/ubuntu/.nvm/versions/node/v22.16.0/lib/node_modules/azurite/dist/src/queue/generated/ExpressMiddlewareFactory.js:77:63\n    at Layer.handle [as handle_request] (/home/ubuntu/.nvm/versions/node/v22.16.0/lib/node_modules/azurite/node_modules/express/lib/router/layer.js:95:5)\n    at trim_prefix (/home/ubuntu/.nvm/versions/node/v22.16.0/lib/node_modules/azurite/node_modules/express/lib/router/index.js:328:13)\n    at /home/ubuntu/.nvm/versions/node/v22.16.0/lib/node_modules/azurite/node_modules/express/lib/router/index.js:286:9\n    at Function.process_params (/home/ubuntu/.nvm/versions/node/v22.16.0/lib/node_modules/azurite/node_modules/express/lib/router/index.js:346:12)\n    at next (/home/ubuntu/.nvm/versions/node/v22.16.0/lib/node_modules/azurite/node_modules/express/lib/router/index.js:280:10)"
2025-08-10T00:38:32.980Z 28094fa6-519d-4937-aa96-45f8feb2b03c error: ErrorMiddleware: Set HTTP code: 404
2025-08-10T00:38:32.980Z 28094fa6-519d-4937-aa96-45f8feb2b03c error: ErrorMiddleware: Set HTTP status message: The specified queue does not exist.
2025-08-10T00:38:32.980Z 28094fa6-519d-4937-aa96-45f8feb2b03c error: ErrorMiddleware: Set HTTP Header: x-ms-error-code=QueueNotFound
2025-08-10T00:38:32.980Z 28094fa6-519d-4937-aa96-45f8feb2b03c error: ErrorMiddleware: Set HTTP Header: x-ms-request-id=28094fa6-519d-4937-aa96-45f8feb2b03c
2025-08-10T00:38:32.980Z 28094fa6-519d-4937-aa96-45f8feb2b03c error: ErrorMiddleware: Set HTTP Header: x-ms-version=2025-11-05
2025-08-10T00:38:32.980Z 28094fa6-519d-4937-aa96-45f8feb2b03c error: ErrorMiddleware: Set content type: application/xml
2025-08-10T00:38:32.980Z 28094fa6-519d-4937-aa96-45f8feb2b03c error: ErrorMiddleware: Set HTTP body: "<?xml version=\"1.0\" encoding=\"UTF-8\" standalone=\"yes\"?>\n<Error>\n  <Code>QueueNotFound</Code>\n  <Message>The specified queue does not exist.\nRequestId:28094fa6-519d-4937-aa96-45f8feb2b03c\nTime:2025-08-10T00:38:32.980Z</Message>\n</Error>"
2025-08-10T00:38:32.980Z 28094fa6-519d-4937-aa96-45f8feb2b03c verbose: Send Queue telemetry: Q_Queue_GetProperties
2025-08-10T00:38:32.980Z 28094fa6-519d-4937-aa96-45f8feb2b03c info: EndMiddleware: End response. TotalTimeInMS=1 StatusCode=404 StatusMessage=The specified queue does not exist. Headers={"server":"Azurite-Queue/3.35.0","x-ms-error-code":"QueueNotFound","x-ms-request-id":"28094fa6-519d-4937-aa96-45f8feb2b03c","x-ms-version":"2025-11-05","content-type":"application/xml"}
2025-08-10T00:38:34.980Z ff37676f-bba1-48d2-9104-27edd2e9ded3 info: QueueStorageContextMiddleware: RequestMethod=GET RequestURL=http://127.0.0.1/devstoreaccount1/publish-jobs?comp=metadata RequestHeaders:{"host":"127.0.0.1:10001","x-ms-version":"2025-05-05","accept":"application/xml","x-ms-client-request-id":"06aa2256-25d7-4ba7-befb-bed1a93a98ee","x-ms-return-client-request-id":"true","user-agent":"azsdk-net-Storage.Queues/12.22.0 (.NET 8.0.18; Ubuntu 25.04)","x-ms-date":"Sun, 10 Aug 2025 00:38:34 GMT","authorization":"SharedKey devstoreaccount1:T/r9xnZNzRxJ3yksb+7iNEnzlJp8G+PbTityfpqGocI="} ClientIP=127.0.0.1 Protocol=http HTTPVersion=1.1
2025-08-10T00:38:34.980Z ff37676f-bba1-48d2-9104-27edd2e9ded3 info: QueueStorageContextMiddleware: Account=devstoreaccount1 Queue=publish-jobs Message=undefined MessageId=undefined
2025-08-10T00:38:34.980Z ff37676f-bba1-48d2-9104-27edd2e9ded3 verbose: DispatchMiddleware: Dispatching request...
2025-08-10T00:38:34.980Z ff37676f-bba1-48d2-9104-27edd2e9ded3 info: DispatchMiddleware: Operation=Queue_GetProperties
2025-08-10T00:38:34.980Z ff37676f-bba1-48d2-9104-27edd2e9ded3 verbose: AuthenticationMiddlewareFactory:createAuthenticationMiddleware() Validating authentications.
2025-08-10T00:38:34.980Z ff37676f-bba1-48d2-9104-27edd2e9ded3 info: QueueSharedKeyAuthenticator:validate() Start validation against account shared key authentication.
2025-08-10T00:38:34.980Z ff37676f-bba1-48d2-9104-27edd2e9ded3 info: QueueSharedKeyAuthenticator:validate() [STRING TO SIGN]:"GET\n\n\n\n\n\n\n\n\n\n\n\nx-ms-client-request-id:06aa2256-25d7-4ba7-befb-bed1a93a98ee\nx-ms-date:Sun, 10 Aug 2025 00:38:34 GMT\nx-ms-return-client-request-id:true\nx-ms-version:2025-05-05\n/devstoreaccount1/devstoreaccount1/publish-jobs\ncomp:metadata"
2025-08-10T00:38:34.980Z ff37676f-bba1-48d2-9104-27edd2e9ded3 info: QueueSharedKeyAuthenticator:validate() Calculated authentication header based on key1: devstoreaccount1:T/r9xnZNzRxJ3yksb+7iNEnzlJp8G+PbTityfpqGocI=
2025-08-10T00:38:34.980Z ff37676f-bba1-48d2-9104-27edd2e9ded3 info: QueueSharedKeyAuthenticator:validate() Signature 1 matched.
2025-08-10T00:38:34.980Z ff37676f-bba1-48d2-9104-27edd2e9ded3 verbose: DeserializerMiddleware: Start deserializing...
2025-08-10T00:38:34.980Z ff37676f-bba1-48d2-9104-27edd2e9ded3 info: HandlerMiddleware: DeserializedParameters={"options":{"requestId":"06aa2256-25d7-4ba7-befb-bed1a93a98ee"},"comp":"metadata","version":"2025-05-05"}
2025-08-10T00:38:34.981Z ff37676f-bba1-48d2-9104-27edd2e9ded3 error: ErrorMiddleware: Received a MiddlewareError, fill error information to HTTP response
2025-08-10T00:38:34.981Z ff37676f-bba1-48d2-9104-27edd2e9ded3 error: ErrorMiddleware: ErrorName=StorageError ErrorMessage=The specified queue does not exist.  ErrorHTTPStatusCode=404 ErrorHTTPStatusMessage=The specified queue does not exist. ErrorHTTPHeaders={"x-ms-error-code":"QueueNotFound","x-ms-request-id":"ff37676f-bba1-48d2-9104-27edd2e9ded3","x-ms-version":"2025-11-05"} ErrorHTTPBody="<?xml version=\"1.0\" encoding=\"UTF-8\" standalone=\"yes\"?>\n<Error>\n  <Code>QueueNotFound</Code>\n  <Message>The specified queue does not exist.\nRequestId:ff37676f-bba1-48d2-9104-27edd2e9ded3\nTime:2025-08-10T00:38:34.980Z</Message>\n</Error>" ErrorStack="StorageError: The specified queue does not exist.\n    at StorageErrorFactory.getQueueNotFound (/home/ubuntu/.nvm/versions/node/v22.16.0/lib/node_modules/azurite/dist/src/queue/errors/StorageErrorFactory.js:110:16)\n    at LokiQueueMetadataStore.getQueue (/home/ubuntu/.nvm/versions/node/v22.16.0/lib/node_modules/azurite/dist/src/queue/persistence/LokiQueueMetadataStore.js:247:49)\n    at QueueHandler.getProperties (/home/ubuntu/.nvm/versions/node/v22.16.0/lib/node_modules/azurite/dist/src/queue/handlers/QueueHandler.js:81:48)\n    at /home/ubuntu/.nvm/versions/node/v22.16.0/lib/node_modules/azurite/dist/src/queue/generated/middleware/HandlerMiddlewareFactory.js:58:18\n    at /home/ubuntu/.nvm/versions/node/v22.16.0/lib/node_modules/azurite/dist/src/queue/generated/ExpressMiddlewareFactory.js:77:63\n    at Layer.handle [as handle_request] (/home/ubuntu/.nvm/versions/node/v22.16.0/lib/node_modules/azurite/node_modules/express/lib/router/layer.js:95:5)\n    at trim_prefix (/home/ubuntu/.nvm/versions/node/v22.16.0/lib/node_modules/azurite/node_modules/express/lib/router/index.js:328:13)\n    at /home/ubuntu/.nvm/versions/node/v22.16.0/lib/node_modules/azurite/node_modules/express/lib/router/index.js:286:9\n    at Function.process_params (/home/ubuntu/.nvm/versions/node/v22.16.0/lib/node_modules/azurite/node_modules/express/lib/router/index.js:346:12)\n    at next (/home/ubuntu/.nvm/versions/node/v22.16.0/lib/node_modules/azurite/node_modules/express/lib/router/index.js:280:10)"
2025-08-10T00:38:34.981Z ff37676f-bba1-48d2-9104-27edd2e9ded3 error: ErrorMiddleware: Set HTTP code: 404
2025-08-10T00:38:34.981Z ff37676f-bba1-48d2-9104-27edd2e9ded3 error: ErrorMiddleware: Set HTTP status message: The specified queue does not exist.
2025-08-10T00:38:34.981Z ff37676f-bba1-48d2-9104-27edd2e9ded3 error: ErrorMiddleware: Set HTTP Header: x-ms-error-code=QueueNotFound
2025-08-10T00:38:34.981Z ff37676f-bba1-48d2-9104-27edd2e9ded3 error: ErrorMiddleware: Set HTTP Header: x-ms-request-id=ff37676f-bba1-48d2-9104-27edd2e9ded3
2025-08-10T00:38:34.981Z ff37676f-bba1-48d2-9104-27edd2e9ded3 error: ErrorMiddleware: Set HTTP Header: x-ms-version=2025-11-05
2025-08-10T00:38:34.981Z ff37676f-bba1-48d2-9104-27edd2e9ded3 error: ErrorMiddleware: Set content type: application/xml
2025-08-10T00:38:34.981Z ff37676f-bba1-48d2-9104-27edd2e9ded3 error: ErrorMiddleware: Set HTTP body: "<?xml version=\"1.0\" encoding=\"UTF-8\" standalone=\"yes\"?>\n<Error>\n  <Code>QueueNotFound</Code>\n  <Message>The specified queue does not exist.\nRequestId:ff37676f-bba1-48d2-9104-27edd2e9ded3\nTime:2025-08-10T00:38:34.980Z</Message>\n</Error>"
2025-08-10T00:38:34.981Z ff37676f-bba1-48d2-9104-27edd2e9ded3 verbose: Send Queue telemetry: Q_Queue_GetProperties
2025-08-10T00:38:34.981Z ff37676f-bba1-48d2-9104-27edd2e9ded3 info: EndMiddleware: End response. TotalTimeInMS=1 StatusCode=404 StatusMessage=The specified queue does not exist. Headers={"server":"Azurite-Queue/3.35.0","x-ms-error-code":"QueueNotFound","x-ms-request-id":"ff37676f-bba1-48d2-9104-27edd2e9ded3","x-ms-version":"2025-11-05","content-type":"application/xml"}
2025-08-10T00:38:36.984Z 4b41b754-8c13-4219-aa15-0d1c1203e99f info: QueueStorageContextMiddleware: RequestMethod=GET RequestURL=http://127.0.0.1/devstoreaccount1/publish-jobs?comp=metadata RequestHeaders:{"host":"127.0.0.1:10001","x-ms-version":"2025-05-05","accept":"application/xml","x-ms-client-request-id":"b609b6dd-6002-4d03-b0ce-e62439aa66e2","x-ms-return-client-request-id":"true","user-agent":"azsdk-net-Storage.Queues/12.22.0 (.NET 8.0.18; Ubuntu 25.04)","x-ms-date":"Sun, 10 Aug 2025 00:38:36 GMT","authorization":"SharedKey devstoreaccount1:kkt/kESPtJ5Swdv1jj5ig/cR1ke8ceeF/QyvgB4gDUE="} ClientIP=127.0.0.1 Protocol=http HTTPVersion=1.1
2025-08-10T00:38:36.984Z 4b41b754-8c13-4219-aa15-0d1c1203e99f info: QueueStorageContextMiddleware: Account=devstoreaccount1 Queue=publish-jobs Message=undefined MessageId=undefined
2025-08-10T00:38:36.984Z 4b41b754-8c13-4219-aa15-0d1c1203e99f verbose: DispatchMiddleware: Dispatching request...
2025-08-10T00:38:36.984Z 4b41b754-8c13-4219-aa15-0d1c1203e99f info: DispatchMiddleware: Operation=Queue_GetProperties
2025-08-10T00:38:36.984Z 4b41b754-8c13-4219-aa15-0d1c1203e99f verbose: AuthenticationMiddlewareFactory:createAuthenticationMiddleware() Validating authentications.
2025-08-10T00:38:36.984Z 4b41b754-8c13-4219-aa15-0d1c1203e99f info: QueueSharedKeyAuthenticator:validate() Start validation against account shared key authentication.
2025-08-10T00:38:36.984Z 4b41b754-8c13-4219-aa15-0d1c1203e99f info: QueueSharedKeyAuthenticator:validate() [STRING TO SIGN]:"GET\n\n\n\n\n\n\n\n\n\n\n\nx-ms-client-request-id:b609b6dd-6002-4d03-b0ce-e62439aa66e2\nx-ms-date:Sun, 10 Aug 2025 00:38:36 GMT\nx-ms-return-client-request-id:true\nx-ms-version:2025-05-05\n/devstoreaccount1/devstoreaccount1/publish-jobs\ncomp:metadata"
2025-08-10T00:38:36.984Z 4b41b754-8c13-4219-aa15-0d1c1203e99f info: QueueSharedKeyAuthenticator:validate() Calculated authentication header based on key1: devstoreaccount1:kkt/kESPtJ5Swdv1jj5ig/cR1ke8ceeF/QyvgB4gDUE=
2025-08-10T00:38:36.984Z 4b41b754-8c13-4219-aa15-0d1c1203e99f info: QueueSharedKeyAuthenticator:validate() Signature 1 matched.
2025-08-10T00:38:36.984Z 4b41b754-8c13-4219-aa15-0d1c1203e99f verbose: DeserializerMiddleware: Start deserializing...
2025-08-10T00:38:36.984Z 4b41b754-8c13-4219-aa15-0d1c1203e99f info: HandlerMiddleware: DeserializedParameters={"options":{"requestId":"b609b6dd-6002-4d03-b0ce-e62439aa66e2"},"comp":"metadata","version":"2025-05-05"}
2025-08-10T00:38:36.984Z 4b41b754-8c13-4219-aa15-0d1c1203e99f error: ErrorMiddleware: Received a MiddlewareError, fill error information to HTTP response
2025-08-10T00:38:36.984Z 4b41b754-8c13-4219-aa15-0d1c1203e99f error: ErrorMiddleware: ErrorName=StorageError ErrorMessage=The specified queue does not exist.  ErrorHTTPStatusCode=404 ErrorHTTPStatusMessage=The specified queue does not exist. ErrorHTTPHeaders={"x-ms-error-code":"QueueNotFound","x-ms-request-id":"4b41b754-8c13-4219-aa15-0d1c1203e99f","x-ms-version":"2025-11-05"} ErrorHTTPBody="<?xml version=\"1.0\" encoding=\"UTF-8\" standalone=\"yes\"?>\n<Error>\n  <Code>QueueNotFound</Code>\n  <Message>The specified queue does not exist.\nRequestId:4b41b754-8c13-4219-aa15-0d1c1203e99f\nTime:2025-08-10T00:38:36.984Z</Message>\n</Error>" ErrorStack="StorageError: The specified queue does not exist.\n    at StorageErrorFactory.getQueueNotFound (/home/ubuntu/.nvm/versions/node/v22.16.0/lib/node_modules/azurite/dist/src/queue/errors/StorageErrorFactory.js:110:16)\n    at LokiQueueMetadataStore.getQueue (/home/ubuntu/.nvm/versions/node/v22.16.0/lib/node_modules/azurite/dist/src/queue/persistence/LokiQueueMetadataStore.js:247:49)\n    at QueueHandler.getProperties (/home/ubuntu/.nvm/versions/node/v22.16.0/lib/node_modules/azurite/dist/src/queue/handlers/QueueHandler.js:81:48)\n    at /home/ubuntu/.nvm/versions/node/v22.16.0/lib/node_modules/azurite/dist/src/queue/generated/middleware/HandlerMiddlewareFactory.js:58:18\n    at /home/ubuntu/.nvm/versions/node/v22.16.0/lib/node_modules/azurite/dist/src/queue/generated/ExpressMiddlewareFactory.js:77:63\n    at Layer.handle [as handle_request] (/home/ubuntu/.nvm/versions/node/v22.16.0/lib/node_modules/azurite/node_modules/express/lib/router/layer.js:95:5)\n    at trim_prefix (/home/ubuntu/.nvm/versions/node/v22.16.0/lib/node_modules/azurite/node_modules/express/lib/router/index.js:328:13)\n    at /home/ubuntu/.nvm/versions/node/v22.16.0/lib/node_modules/azurite/node_modules/express/lib/router/index.js:286:9\n    at Function.process_params (/home/ubuntu/.nvm/versions/node/v22.16.0/lib/node_modules/azurite/node_modules/express/lib/router/index.js:346:12)\n    at next (/home/ubuntu/.nvm/versions/node/v22.16.0/lib/node_modules/azurite/node_modules/express/lib/router/index.js:280:10)"
2025-08-10T00:38:36.984Z 4b41b754-8c13-4219-aa15-0d1c1203e99f error: ErrorMiddleware: Set HTTP code: 404
2025-08-10T00:38:36.984Z 4b41b754-8c13-4219-aa15-0d1c1203e99f error: ErrorMiddleware: Set HTTP status message: The specified queue does not exist.
2025-08-10T00:38:36.984Z 4b41b754-8c13-4219-aa15-0d1c1203e99f error: ErrorMiddleware: Set HTTP Header: x-ms-error-code=QueueNotFound
2025-08-10T00:38:36.984Z 4b41b754-8c13-4219-aa15-0d1c1203e99f error: ErrorMiddleware: Set HTTP Header: x-ms-request-id=4b41b754-8c13-4219-aa15-0d1c1203e99f
2025-08-10T00:38:36.984Z 4b41b754-8c13-4219-aa15-0d1c1203e99f error: ErrorMiddleware: Set HTTP Header: x-ms-version=2025-11-05
2025-08-10T00:38:36.984Z 4b41b754-8c13-4219-aa15-0d1c1203e99f error: ErrorMiddleware: Set content type: application/xml
2025-08-10T00:38:36.984Z 4b41b754-8c13-4219-aa15-0d1c1203e99f error: ErrorMiddleware: Set HTTP body: "<?xml version=\"1.0\" encoding=\"UTF-8\" standalone=\"yes\"?>\n<Error>\n  <Code>QueueNotFound</Code>\n  <Message>The specified queue does not exist.\nRequestId:4b41b754-8c13-4219-aa15-0d1c1203e99f\nTime:2025-08-10T00:38:36.984Z</Message>\n</Error>"
2025-08-10T00:38:36.985Z 4b41b754-8c13-4219-aa15-0d1c1203e99f verbose: Send Queue telemetry: Q_Queue_GetProperties
2025-08-10T00:38:36.985Z 4b41b754-8c13-4219-aa15-0d1c1203e99f info: EndMiddleware: End response. TotalTimeInMS=1 StatusCode=404 StatusMessage=The specified queue does not exist. Headers={"server":"Azurite-Queue/3.35.0","x-ms-error-code":"QueueNotFound","x-ms-request-id":"4b41b754-8c13-4219-aa15-0d1c1203e99f","x-ms-version":"2025-11-05","content-type":"application/xml"}
2025-08-10T00:38:38.984Z 2403bf1e-8de5-4934-aebb-ce36c4343946 info: QueueStorageContextMiddleware: RequestMethod=GET RequestURL=http://127.0.0.1/devstoreaccount1/publish-jobs?comp=metadata RequestHeaders:{"host":"127.0.0.1:10001","x-ms-version":"2025-05-05","accept":"application/xml","x-ms-client-request-id":"5fef772b-4fcb-4178-bfec-5726bf0adcd6","x-ms-return-client-request-id":"true","user-agent":"azsdk-net-Storage.Queues/12.22.0 (.NET 8.0.18; Ubuntu 25.04)","x-ms-date":"Sun, 10 Aug 2025 00:38:38 GMT","authorization":"SharedKey devstoreaccount1:mtXK7owafrEV5rhlIXNUUtuMJre2fg7hVISnXJIipFE="} ClientIP=127.0.0.1 Protocol=http HTTPVersion=1.1
2025-08-10T00:38:38.984Z 2403bf1e-8de5-4934-aebb-ce36c4343946 info: QueueStorageContextMiddleware: Account=devstoreaccount1 Queue=publish-jobs Message=undefined MessageId=undefined
2025-08-10T00:38:38.984Z 2403bf1e-8de5-4934-aebb-ce36c4343946 verbose: DispatchMiddleware: Dispatching request...
2025-08-10T00:38:38.984Z 2403bf1e-8de5-4934-aebb-ce36c4343946 info: DispatchMiddleware: Operation=Queue_GetProperties
2025-08-10T00:38:38.984Z 2403bf1e-8de5-4934-aebb-ce36c4343946 verbose: AuthenticationMiddlewareFactory:createAuthenticationMiddleware() Validating authentications.
2025-08-10T00:38:38.984Z 2403bf1e-8de5-4934-aebb-ce36c4343946 info: QueueSharedKeyAuthenticator:validate() Start validation against account shared key authentication.
2025-08-10T00:38:38.984Z 2403bf1e-8de5-4934-aebb-ce36c4343946 info: QueueSharedKeyAuthenticator:validate() [STRING TO SIGN]:"GET\n\n\n\n\n\n\n\n\n\n\n\nx-ms-client-request-id:5fef772b-4fcb-4178-bfec-5726bf0adcd6\nx-ms-date:Sun, 10 Aug 2025 00:38:38 GMT\nx-ms-return-client-request-id:true\nx-ms-version:2025-05-05\n/devstoreaccount1/devstoreaccount1/publish-jobs\ncomp:metadata"
2025-08-10T00:38:38.984Z 2403bf1e-8de5-4934-aebb-ce36c4343946 info: QueueSharedKeyAuthenticator:validate() Calculated authentication header based on key1: devstoreaccount1:mtXK7owafrEV5rhlIXNUUtuMJre2fg7hVISnXJIipFE=
2025-08-10T00:38:38.984Z 2403bf1e-8de5-4934-aebb-ce36c4343946 info: QueueSharedKeyAuthenticator:validate() Signature 1 matched.
2025-08-10T00:38:38.985Z 2403bf1e-8de5-4934-aebb-ce36c4343946 verbose: DeserializerMiddleware: Start deserializing...
2025-08-10T00:38:38.985Z 2403bf1e-8de5-4934-aebb-ce36c4343946 info: HandlerMiddleware: DeserializedParameters={"options":{"requestId":"5fef772b-4fcb-4178-bfec-5726bf0adcd6"},"comp":"metadata","version":"2025-05-05"}
2025-08-10T00:38:38.985Z 2403bf1e-8de5-4934-aebb-ce36c4343946 error: ErrorMiddleware: Received a MiddlewareError, fill error information to HTTP response
2025-08-10T00:38:38.985Z 2403bf1e-8de5-4934-aebb-ce36c4343946 error: ErrorMiddleware: ErrorName=StorageError ErrorMessage=The specified queue does not exist.  ErrorHTTPStatusCode=404 ErrorHTTPStatusMessage=The specified queue does not exist. ErrorHTTPHeaders={"x-ms-error-code":"QueueNotFound","x-ms-request-id":"2403bf1e-8de5-4934-aebb-ce36c4343946","x-ms-version":"2025-11-05"} ErrorHTTPBody="<?xml version=\"1.0\" encoding=\"UTF-8\" standalone=\"yes\"?>\n<Error>\n  <Code>QueueNotFound</Code>\n  <Message>The specified queue does not exist.\nRequestId:2403bf1e-8de5-4934-aebb-ce36c4343946\nTime:2025-08-10T00:38:38.985Z</Message>\n</Error>" ErrorStack="StorageError: The specified queue does not exist.\n    at StorageErrorFactory.getQueueNotFound (/home/ubuntu/.nvm/versions/node/v22.16.0/lib/node_modules/azurite/dist/src/queue/errors/StorageErrorFactory.js:110:16)\n    at LokiQueueMetadataStore.getQueue (/home/ubuntu/.nvm/versions/node/v22.16.0/lib/node_modules/azurite/dist/src/queue/persistence/LokiQueueMetadataStore.js:247:49)\n    at QueueHandler.getProperties (/home/ubuntu/.nvm/versions/node/v22.16.0/lib/node_modules/azurite/dist/src/queue/handlers/QueueHandler.js:81:48)\n    at /home/ubuntu/.nvm/versions/node/v22.16.0/lib/node_modules/azurite/dist/src/queue/generated/middleware/HandlerMiddlewareFactory.js:58:18\n    at /home/ubuntu/.nvm/versions/node/v22.16.0/lib/node_modules/azurite/dist/src/queue/generated/ExpressMiddlewareFactory.js:77:63\n    at Layer.handle [as handle_request] (/home/ubuntu/.nvm/versions/node/v22.16.0/lib/node_modules/azurite/node_modules/express/lib/router/layer.js:95:5)\n    at trim_prefix (/home/ubuntu/.nvm/versions/node/v22.16.0/lib/node_modules/azurite/node_modules/express/lib/router/index.js:328:13)\n    at /home/ubuntu/.nvm/versions/node/v22.16.0/lib/node_modules/azurite/node_modules/express/lib/router/index.js:286:9\n    at Function.process_params (/home/ubuntu/.nvm/versions/node/v22.16.0/lib/node_modules/azurite/node_modules/express/lib/router/index.js:346:12)\n    at next (/home/ubuntu/.nvm/versions/node/v22.16.0/lib/node_modules/azurite/node_modules/express/lib/router/index.js:280:10)"
2025-08-10T00:38:38.985Z 2403bf1e-8de5-4934-aebb-ce36c4343946 error: ErrorMiddleware: Set HTTP code: 404
2025-08-10T00:38:38.985Z 2403bf1e-8de5-4934-aebb-ce36c4343946 error: ErrorMiddleware: Set HTTP status message: The specified queue does not exist.
2025-08-10T00:38:38.985Z 2403bf1e-8de5-4934-aebb-ce36c4343946 error: ErrorMiddleware: Set HTTP Header: x-ms-error-code=QueueNotFound
2025-08-10T00:38:38.985Z 2403bf1e-8de5-4934-aebb-ce36c4343946 error: ErrorMiddleware: Set HTTP Header: x-ms-request-id=2403bf1e-8de5-4934-aebb-ce36c4343946
2025-08-10T00:38:38.985Z 2403bf1e-8de5-4934-aebb-ce36c4343946 error: ErrorMiddleware: Set HTTP Header: x-ms-version=2025-11-05
2025-08-10T00:38:38.985Z 2403bf1e-8de5-4934-aebb-ce36c4343946 error: ErrorMiddleware: Set content type: application/xml
2025-08-10T00:38:38.985Z 2403bf1e-8de5-4934-aebb-ce36c4343946 error: ErrorMiddleware: Set HTTP body: "<?xml version=\"1.0\" encoding=\"UTF-8\" standalone=\"yes\"?>\n<Error>\n  <Code>QueueNotFound</Code>\n  <Message>The specified queue does not exist.\nRequestId:2403bf1e-8de5-4934-aebb-ce36c4343946\nTime:2025-08-10T00:38:38.985Z</Message>\n</Error>"
2025-08-10T00:38:38.985Z 2403bf1e-8de5-4934-aebb-ce36c4343946 verbose: Send Queue telemetry: Q_Queue_GetProperties
2025-08-10T00:38:38.985Z 2403bf1e-8de5-4934-aebb-ce36c4343946 info: EndMiddleware: End response. TotalTimeInMS=1 StatusCode=404 StatusMessage=The specified queue does not exist. Headers={"server":"Azurite-Queue/3.35.0","x-ms-error-code":"QueueNotFound","x-ms-request-id":"2403bf1e-8de5-4934-aebb-ce36c4343946","x-ms-version":"2025-11-05","content-type":"application/xml"}
2025-08-10T00:38:40.991Z bcb49af6-a835-4fa6-8b25-e35cdb6f9d6b info: QueueStorageContextMiddleware: RequestMethod=GET RequestURL=http://127.0.0.1/devstoreaccount1/publish-jobs?comp=metadata RequestHeaders:{"host":"127.0.0.1:10001","x-ms-version":"2025-05-05","accept":"application/xml","x-ms-client-request-id":"696a7956-471d-41b2-92de-e1b069d4fc89","x-ms-return-client-request-id":"true","user-agent":"azsdk-net-Storage.Queues/12.22.0 (.NET 8.0.18; Ubuntu 25.04)","x-ms-date":"Sun, 10 Aug 2025 00:38:40 GMT","authorization":"SharedKey devstoreaccount1:5XdKYSNEtUenf/e6TFOzUhBrG7k1R4rObK4nlo4xdA0="} ClientIP=127.0.0.1 Protocol=http HTTPVersion=1.1
2025-08-10T00:38:40.991Z bcb49af6-a835-4fa6-8b25-e35cdb6f9d6b info: QueueStorageContextMiddleware: Account=devstoreaccount1 Queue=publish-jobs Message=undefined MessageId=undefined
2025-08-10T00:38:40.991Z bcb49af6-a835-4fa6-8b25-e35cdb6f9d6b verbose: DispatchMiddleware: Dispatching request...
2025-08-10T00:38:40.991Z bcb49af6-a835-4fa6-8b25-e35cdb6f9d6b info: DispatchMiddleware: Operation=Queue_GetProperties
2025-08-10T00:38:40.991Z bcb49af6-a835-4fa6-8b25-e35cdb6f9d6b verbose: AuthenticationMiddlewareFactory:createAuthenticationMiddleware() Validating authentications.
2025-08-10T00:38:40.991Z bcb49af6-a835-4fa6-8b25-e35cdb6f9d6b info: QueueSharedKeyAuthenticator:validate() Start validation against account shared key authentication.
2025-08-10T00:38:40.991Z bcb49af6-a835-4fa6-8b25-e35cdb6f9d6b info: QueueSharedKeyAuthenticator:validate() [STRING TO SIGN]:"GET\n\n\n\n\n\n\n\n\n\n\n\nx-ms-client-request-id:696a7956-471d-41b2-92de-e1b069d4fc89\nx-ms-date:Sun, 10 Aug 2025 00:38:40 GMT\nx-ms-return-client-request-id:true\nx-ms-version:2025-05-05\n/devstoreaccount1/devstoreaccount1/publish-jobs\ncomp:metadata"
2025-08-10T00:38:40.991Z bcb49af6-a835-4fa6-8b25-e35cdb6f9d6b info: QueueSharedKeyAuthenticator:validate() Calculated authentication header based on key1: devstoreaccount1:5XdKYSNEtUenf/e6TFOzUhBrG7k1R4rObK4nlo4xdA0=
2025-08-10T00:38:40.991Z bcb49af6-a835-4fa6-8b25-e35cdb6f9d6b info: QueueSharedKeyAuthenticator:validate() Signature 1 matched.
2025-08-10T00:38:40.991Z bcb49af6-a835-4fa6-8b25-e35cdb6f9d6b verbose: DeserializerMiddleware: Start deserializing...
2025-08-10T00:38:40.991Z bcb49af6-a835-4fa6-8b25-e35cdb6f9d6b info: HandlerMiddleware: DeserializedParameters={"options":{"requestId":"696a7956-471d-41b2-92de-e1b069d4fc89"},"comp":"metadata","version":"2025-05-05"}
2025-08-10T00:38:40.991Z bcb49af6-a835-4fa6-8b25-e35cdb6f9d6b error: ErrorMiddleware: Received a MiddlewareError, fill error information to HTTP response
2025-08-10T00:38:40.991Z bcb49af6-a835-4fa6-8b25-e35cdb6f9d6b error: ErrorMiddleware: ErrorName=StorageError ErrorMessage=The specified queue does not exist.  ErrorHTTPStatusCode=404 ErrorHTTPStatusMessage=The specified queue does not exist. ErrorHTTPHeaders={"x-ms-error-code":"QueueNotFound","x-ms-request-id":"bcb49af6-a835-4fa6-8b25-e35cdb6f9d6b","x-ms-version":"2025-11-05"} ErrorHTTPBody="<?xml version=\"1.0\" encoding=\"UTF-8\" standalone=\"yes\"?>\n<Error>\n  <Code>QueueNotFound</Code>\n  <Message>The specified queue does not exist.\nRequestId:bcb49af6-a835-4fa6-8b25-e35cdb6f9d6b\nTime:2025-08-10T00:38:40.991Z</Message>\n</Error>" ErrorStack="StorageError: The specified queue does not exist.\n    at StorageErrorFactory.getQueueNotFound (/home/ubuntu/.nvm/versions/node/v22.16.0/lib/node_modules/azurite/dist/src/queue/errors/StorageErrorFactory.js:110:16)\n    at LokiQueueMetadataStore.getQueue (/home/ubuntu/.nvm/versions/node/v22.16.0/lib/node_modules/azurite/dist/src/queue/persistence/LokiQueueMetadataStore.js:247:49)\n    at QueueHandler.getProperties (/home/ubuntu/.nvm/versions/node/v22.16.0/lib/node_modules/azurite/dist/src/queue/handlers/QueueHandler.js:81:48)\n    at /home/ubuntu/.nvm/versions/node/v22.16.0/lib/node_modules/azurite/dist/src/queue/generated/middleware/HandlerMiddlewareFactory.js:58:18\n    at /home/ubuntu/.nvm/versions/node/v22.16.0/lib/node_modules/azurite/dist/src/queue/generated/ExpressMiddlewareFactory.js:77:63\n    at Layer.handle [as handle_request] (/home/ubuntu/.nvm/versions/node/v22.16.0/lib/node_modules/azurite/node_modules/express/lib/router/layer.js:95:5)\n    at trim_prefix (/home/ubuntu/.nvm/versions/node/v22.16.0/lib/node_modules/azurite/node_modules/express/lib/router/index.js:328:13)\n    at /home/ubuntu/.nvm/versions/node/v22.16.0/lib/node_modules/azurite/node_modules/express/lib/router/index.js:286:9\n    at Function.process_params (/home/ubuntu/.nvm/versions/node/v22.16.0/lib/node_modules/azurite/node_modules/express/lib/router/index.js:346:12)\n    at next (/home/ubuntu/.nvm/versions/node/v22.16.0/lib/node_modules/azurite/node_modules/express/lib/router/index.js:280:10)"
2025-08-10T00:38:40.991Z bcb49af6-a835-4fa6-8b25-e35cdb6f9d6b error: ErrorMiddleware: Set HTTP code: 404
2025-08-10T00:38:40.991Z bcb49af6-a835-4fa6-8b25-e35cdb6f9d6b error: ErrorMiddleware: Set HTTP status message: The specified queue does not exist.
2025-08-10T00:38:40.991Z bcb49af6-a835-4fa6-8b25-e35cdb6f9d6b error: ErrorMiddleware: Set HTTP Header: x-ms-error-code=QueueNotFound
2025-08-10T00:38:40.991Z bcb49af6-a835-4fa6-8b25-e35cdb6f9d6b error: ErrorMiddleware: Set HTTP Header: x-ms-request-id=bcb49af6-a835-4fa6-8b25-e35cdb6f9d6b
2025-08-10T00:38:40.991Z bcb49af6-a835-4fa6-8b25-e35cdb6f9d6b error: ErrorMiddleware: Set HTTP Header: x-ms-version=2025-11-05
2025-08-10T00:38:40.991Z bcb49af6-a835-4fa6-8b25-e35cdb6f9d6b error: ErrorMiddleware: Set content type: application/xml
2025-08-10T00:38:40.991Z bcb49af6-a835-4fa6-8b25-e35cdb6f9d6b error: ErrorMiddleware: Set HTTP body: "<?xml version=\"1.0\" encoding=\"UTF-8\" standalone=\"yes\"?>\n<Error>\n  <Code>QueueNotFound</Code>\n  <Message>The specified queue does not exist.\nRequestId:bcb49af6-a835-4fa6-8b25-e35cdb6f9d6b\nTime:2025-08-10T00:38:40.991Z</Message>\n</Error>"
2025-08-10T00:38:40.991Z bcb49af6-a835-4fa6-8b25-e35cdb6f9d6b verbose: Send Queue telemetry: Q_Queue_GetProperties
2025-08-10T00:38:40.991Z bcb49af6-a835-4fa6-8b25-e35cdb6f9d6b info: EndMiddleware: End response. TotalTimeInMS=1 StatusCode=404 StatusMessage=The specified queue does not exist. Headers={"server":"Azurite-Queue/3.35.0","x-ms-error-code":"QueueNotFound","x-ms-request-id":"bcb49af6-a835-4fa6-8b25-e35cdb6f9d6b","x-ms-version":"2025-11-05","content-type":"application/xml"}
2025-08-10T00:38:41.850Z 9d17beea-7a8d-4205-9055-2aeb076133a3 info: BlobStorageContextMiddleware: RequestMethod=PUT RequestURL=http://127.0.0.1/devstoreaccount1/azure-webjobs-hosts/locks/cursor-285539928/host?comp=lease RequestHeaders:{"host":"127.0.0.1:10000","x-ms-lease-action":"renew","x-ms-lease-id":"0000000000000000000000007045662D","x-ms-version":"2024-08-04","accept":"application/xml","x-ms-client-request-id":"f5ab0f2e-004d-44b6-9b15-b27d614f42c3","x-ms-return-client-request-id":"true","user-agent":"azsdk-net-Storage.Blobs/12.21.2 (.NET 8.0.18; Ubuntu 25.04)","x-ms-date":"Sun, 10 Aug 2025 00:38:41 GMT","authorization":"SharedKey devstoreaccount1:kPVIEymNFpZbPiVwiNVgaXFtLHO/pVMxJtLz3JrRJZA=","content-length":"0"} ClientIP=127.0.0.1 Protocol=http HTTPVersion=1.1
2025-08-10T00:38:41.850Z 9d17beea-7a8d-4205-9055-2aeb076133a3 info: BlobStorageContextMiddleware: Account=devstoreaccount1 Container=azure-webjobs-hosts Blob=locks/cursor-285539928/host
2025-08-10T00:38:41.850Z 9d17beea-7a8d-4205-9055-2aeb076133a3 verbose: DispatchMiddleware: Dispatching request...
2025-08-10T00:38:41.850Z 9d17beea-7a8d-4205-9055-2aeb076133a3 info: DispatchMiddleware: Operation=Blob_RenewLease
2025-08-10T00:38:41.850Z 9d17beea-7a8d-4205-9055-2aeb076133a3 verbose: AuthenticationMiddlewareFactory:createAuthenticationMiddleware() Validating authentications.
2025-08-10T00:38:41.850Z 9d17beea-7a8d-4205-9055-2aeb076133a3 info: PublicAccessAuthenticator:validate() Start validation against public access.
2025-08-10T00:38:41.850Z 9d17beea-7a8d-4205-9055-2aeb076133a3 debug: PublicAccessAuthenticator:validate() Getting account properties...
2025-08-10T00:38:41.850Z 9d17beea-7a8d-4205-9055-2aeb076133a3 debug: PublicAccessAuthenticator:validate() Retrieved account name from context: devstoreaccount1, container: azure-webjobs-hosts, blob: locks/cursor-285539928/host
2025-08-10T00:38:41.851Z 9d17beea-7a8d-4205-9055-2aeb076133a3 debug: PublicAccessAuthenticator:validate() Skip public access authentication. Cannot get public access type for container azure-webjobs-hosts
2025-08-10T00:38:41.851Z 9d17beea-7a8d-4205-9055-2aeb076133a3 info: BlobSharedKeyAuthenticator:validate() Start validation against account shared key authentication.
2025-08-10T00:38:41.851Z 9d17beea-7a8d-4205-9055-2aeb076133a3 info: BlobSharedKeyAuthenticator:validate() [STRING TO SIGN]:"PUT\n\n\n\n\n\n\n\n\n\n\n\nx-ms-client-request-id:f5ab0f2e-004d-44b6-9b15-b27d614f42c3\nx-ms-date:Sun, 10 Aug 2025 00:38:41 GMT\nx-ms-lease-action:renew\nx-ms-lease-id:0000000000000000000000007045662D\nx-ms-return-client-request-id:true\nx-ms-version:2024-08-04\n/devstoreaccount1/devstoreaccount1/azure-webjobs-hosts/locks/cursor-285539928/host\ncomp:lease"
2025-08-10T00:38:41.851Z 9d17beea-7a8d-4205-9055-2aeb076133a3 info: BlobSharedKeyAuthenticator:validate() Calculated authentication header based on key1: SharedKey devstoreaccount1:kPVIEymNFpZbPiVwiNVgaXFtLHO/pVMxJtLz3JrRJZA=
2025-08-10T00:38:41.851Z 9d17beea-7a8d-4205-9055-2aeb076133a3 info: BlobSharedKeyAuthenticator:validate() Signature 1 matched.
2025-08-10T00:38:41.851Z 9d17beea-7a8d-4205-9055-2aeb076133a3 verbose: DeserializerMiddleware: Start deserializing...
2025-08-10T00:38:41.851Z 9d17beea-7a8d-4205-9055-2aeb076133a3 info: HandlerMiddleware: DeserializedParameters={"options":{"requestId":"f5ab0f2e-004d-44b6-9b15-b27d614f42c3","modifiedAccessConditions":{}},"comp":"lease","leaseId":"0000000000000000000000007045662D","version":"2024-08-04","action":"renew"}
2025-08-10T00:38:41.851Z 9d17beea-7a8d-4205-9055-2aeb076133a3 verbose: SerializerMiddleware: Start serializing...
2025-08-10T00:38:41.851Z 9d17beea-7a8d-4205-9055-2aeb076133a3 verbose: Send Blob telemetry: B_Blob_RenewLease
2025-08-10T00:38:41.851Z 9d17beea-7a8d-4205-9055-2aeb076133a3 info: EndMiddleware: End response. TotalTimeInMS=1 StatusCode=200 StatusMessage=undefined Headers={"server":"Azurite-Blob/3.35.0","etag":"\"0x201825B0AFAF8C0\"","last-modified":"Sun, 10 Aug 2025 00:37:53 GMT","x-ms-lease-id":"0000000000000000000000007045662D","x-ms-client-request-id":"f5ab0f2e-004d-44b6-9b15-b27d614f42c3","x-ms-request-id":"9d17beea-7a8d-4205-9055-2aeb076133a3","x-ms-version":"2025-11-05","date":"Sun, 10 Aug 2025 00:38:41 GMT"}
